# Blender 4.2.2 LTS
# www.blender.org
mtllib JarsSeprate.mtl
o group732647983
v -0.031496 -0.044490 0.088195
v 0.036145 -0.044695 0.075171
v 0.036104 -0.049693 0.075039
v -0.031536 -0.049488 0.088062
v 0.074772 -0.043493 0.018151
v 0.074731 -0.048491 0.018018
v 0.061759 -0.041589 -0.049465
v 0.061719 -0.046587 -0.049598
v 0.004729 -0.040099 -0.088068
v 0.004688 -0.045097 -0.088201
v -0.062912 -0.039894 -0.075045
v -0.062952 -0.044892 -0.075177
v -0.101539 -0.041096 -0.018024
v -0.101580 -0.046094 -0.018157
v -0.088526 -0.042999 0.049592
v -0.088567 -0.047997 0.049459
v -0.100974 0.028280 -0.016179
v -0.087961 0.026377 0.051436
v 0.031063 -0.060248 0.067241
v -0.029813 -0.060064 0.078962
v -0.062347 0.029482 -0.073200
v -0.075898 0.029061 -0.053197
v 0.005294 0.029278 -0.086223
v 0.062324 0.027787 -0.047620
v 0.022836 0.028819 -0.074350
v 0.075337 0.025883 0.019995
v 0.036710 0.024682 0.077016
v -0.030931 0.024886 0.090039
v -0.086417 0.216052 0.056480
v -0.099429 0.217956 -0.011136
v -0.082355 0.257582 -0.006640
v -0.071815 0.256040 0.048129
v -0.060802 0.219158 -0.068157
v -0.051067 0.258555 -0.052827
v 0.006838 0.218953 -0.081180
v 0.003722 0.258390 -0.063375
v 0.063869 0.217462 -0.042577
v 0.049916 0.257182 -0.032107
v 0.076882 0.215558 0.025039
v 0.060457 0.255640 0.022662
v 0.038254 0.214357 0.082059
v 0.029168 0.254667 0.068848
v -0.029386 0.214562 0.095083
v -0.025620 0.254833 0.079397
v -0.062842 0.277246 -0.002140
v -0.055158 0.276122 0.037787
v -0.040033 0.277956 -0.035810
v -0.000092 0.277835 -0.043500
v 0.033584 0.276955 -0.020705
v 0.041268 0.275831 0.019221
v 0.018459 0.275121 0.052891
v -0.021482 0.275242 0.060581
v -0.038208 0.306818 0.003660
v -0.034124 0.306220 0.024878
v -0.026086 0.307195 -0.014234
v -0.004860 0.307130 -0.018321
v 0.013037 0.306663 -0.006207
v 0.017121 0.306065 0.015012
v 0.004999 0.305688 0.032905
v -0.016227 0.305752 0.036992
v -0.037193 0.335060 0.004572
v -0.033225 0.334480 0.025189
v -0.025415 0.335427 -0.012815
v -0.004791 0.335364 -0.016785
v 0.012599 0.334910 -0.005015
v 0.016566 0.334329 0.015602
v 0.004788 0.333963 0.032988
v -0.015836 0.334025 0.036959
v -0.030955 0.405878 0.025973
v -0.034630 0.406415 0.006876
v -0.039777 0.416450 0.006068
v -0.035330 0.415799 0.029175
v -0.023720 0.406754 -0.009228
v -0.026577 0.416860 -0.013418
v -0.004617 0.406697 -0.012907
v -0.003461 0.416790 -0.017869
v 0.011490 0.406276 -0.002004
v 0.016028 0.416281 -0.004677
v 0.015166 0.405738 0.017093
v 0.020475 0.415630 0.018430
v 0.004256 0.405399 0.033197
v 0.007275 0.415220 0.037917
v -0.014848 0.405457 0.036875
v -0.015841 0.415290 0.042367
v -0.033972 0.426348 0.007508
v -0.030370 0.425821 0.026224
v -0.023279 0.426681 -0.008276
v -0.004556 0.426624 -0.011881
v 0.011231 0.426212 -0.001195
v 0.014833 0.425685 0.017521
v 0.004140 0.425352 0.033305
v -0.014583 0.425409 0.036910
v -0.027440 0.416295 0.008599
v -0.024814 0.415911 0.022244
v -0.019645 0.416537 -0.002907
v -0.005996 0.416496 -0.005535
v 0.005512 0.416195 0.002255
v 0.008138 0.415811 0.015899
v 0.000344 0.415569 0.027405
v -0.013306 0.415610 0.030033
v -0.028339 0.305877 0.005664
v -0.025713 0.305492 0.019308
v -0.020544 0.306119 -0.005843
v -0.006895 0.306078 -0.008471
v 0.004614 0.305777 -0.000681
v 0.007240 0.305393 0.012964
v -0.000555 0.305151 0.024470
v -0.014204 0.305192 0.027098
v -0.045025 0.286981 0.001764
v -0.039959 0.286240 0.028087
v -0.029987 0.287449 -0.020435
v -0.003654 0.287369 -0.025505
v 0.018548 0.286789 -0.010476
v 0.023614 0.286048 0.015847
v 0.008576 0.285580 0.038045
v -0.017757 0.285659 0.043115
v -0.071749 0.257438 -0.004464
v -0.062774 0.256125 0.042169
v -0.045108 0.258266 -0.043790
v 0.001542 0.258126 -0.052772
v 0.040875 0.257098 -0.026149
v 0.049850 0.255785 0.020485
v 0.023209 0.254956 0.059811
v -0.023441 0.255097 0.068793
v -0.092192 0.218664 -0.009632
v -0.080246 0.216916 0.052437
v -0.056733 0.219767 -0.061975
v 0.005358 0.219580 -0.073930
v 0.057710 0.218211 -0.038493
v 0.069656 0.216463 0.023575
v 0.034197 0.215361 0.075918
v -0.027895 0.215548 0.087873
v -0.094299 -0.039593 -0.016500
v -0.082353 -0.041341 0.045569
v -0.058840 -0.038491 -0.068843
v 0.003251 -0.038678 -0.080797
v 0.055603 -0.040047 -0.045361
v 0.067548 -0.041794 0.016708
v 0.032090 -0.042897 0.069051
v -0.030002 -0.042710 0.081006
v -0.086288 -0.049654 -0.015104
v -0.075537 -0.051228 0.040758
v 0.065828 -0.059167 0.015922
v 0.054116 -0.057453 -0.044932
v 0.002789 -0.056112 -0.079675
v -0.058087 -0.055928 -0.067954
v -0.092852 -0.057009 -0.016635
v -0.081141 -0.058723 0.044219
v -0.054375 -0.048662 -0.062212
v 0.001507 -0.048831 -0.072972
v 0.048624 -0.050062 -0.041079
v 0.059375 -0.051635 0.014783
v 0.027462 -0.052628 0.061891
v -0.028420 -0.052459 0.072651
v 0.006312 0.154259 -0.082900
v -0.061329 0.154464 -0.069877
v 0.063342 0.152769 -0.044297
v 0.024103 0.153794 -0.070858
v 0.076355 0.150865 0.023319
v 0.037727 0.149663 0.080339
v -0.029913 0.149868 0.093362
v -0.086943 0.151359 0.054760
v -0.099956 0.153262 -0.012856
v -0.075167 0.154033 -0.049449
v -0.004673 0.383737 -0.014155
v -0.024266 0.383796 -0.010383
v -0.035455 0.383448 0.006134
v -0.031685 0.382897 0.025720
v -0.015166 0.382465 0.036902
v 0.004427 0.382406 0.033130
v 0.015616 0.382754 0.016613
v 0.011847 0.383305 -0.002973
v -0.010559 0.404982 0.030303
v 0.003671 0.403990 0.024749
v 0.003322 0.399003 0.024745
v -0.010908 0.399994 0.030299
v 0.009816 0.403571 0.010735
v 0.009467 0.398583 0.010732
v 0.004276 0.403969 -0.003529
v 0.003927 0.398981 -0.003532
v -0.009703 0.404951 -0.009688
v -0.010052 0.399963 -0.009691
v -0.023933 0.405943 -0.004134
v -0.024282 0.400955 -0.004137
v -0.030077 0.406363 0.009880
v -0.030426 0.401375 0.009876
v -0.024538 0.405965 0.024144
v -0.024887 0.400977 0.024140
v -0.036986 0.466303 0.018671
v -0.029660 0.466682 0.037678
v -0.028727 0.465613 0.000059
v -0.009720 0.465016 -0.007255
v 0.008900 0.464861 0.001013
v 0.016226 0.465239 0.020021
v 0.007967 0.465929 0.038633
v -0.011040 0.466527 0.045947
vn 0.1889 -0.0276 0.9816
vn 0.8279 -0.0216 0.5604
vn 0.9820 -0.0030 -0.1891
vn 0.5608 0.0174 -0.8278
vn -0.1889 0.0276 -0.9816
vn -0.8279 0.0216 -0.5604
vn -0.9820 0.0030 0.1891
vn -0.5608 -0.0174 0.8278
vn 0.1447 -0.6317 0.7616
vn -0.9099 0.3710 0.1856
vn -0.7667 0.3884 -0.5112
vn -0.1726 0.3939 -0.9028
vn 0.5243 0.3845 -0.7598
vn 0.9159 0.3655 -0.1660
vn 0.7727 0.3481 0.5308
vn 0.1786 0.3425 0.9224
vn -0.5183 0.3520 0.7794
vn -0.7187 0.6772 0.1574
vn -0.6051 0.6910 -0.3954
vn -0.1338 0.6954 -0.7060
vn 0.4191 0.6879 -0.5926
vn 0.7297 0.6728 -0.1215
vn 0.6161 0.6591 0.4313
vn 0.1448 0.6546 0.7419
vn -0.4081 0.6622 0.6285
vn -0.7734 0.6117 0.1661
vn -0.6513 0.6265 -0.4280
vn -0.1448 0.6313 -0.7619
vn 0.4495 0.6232 -0.6400
vn 0.7834 0.6070 -0.1337
vn 0.6613 0.5922 0.4604
vn 0.1547 0.5875 0.7943
vn -0.4396 0.5956 0.6724
vn -0.9814 0.0291 0.1897
vn -0.8274 0.0478 -0.5595
vn -0.1886 0.0538 -0.9806
vn 0.5608 0.0436 -0.8268
vn 0.9818 0.0232 -0.1883
vn 0.8279 0.0045 0.5609
vn 0.1891 -0.0015 0.9820
vn -0.5604 0.0087 0.8282
vn -0.8837 -0.4406 0.1577
vn -0.7457 -0.4239 -0.5141
vn -0.1729 -0.4185 -0.8916
vn 0.4990 -0.4277 -0.7537
vn 0.8765 -0.4459 -0.1812
vn 0.7385 -0.4627 0.4905
vn 0.1657 -0.4681 0.8680
vn -0.5062 -0.4589 0.7302
vn -0.8598 0.4782 0.1789
vn -0.7243 0.4947 -0.4803
vn -0.1623 0.4999 -0.8507
vn 0.4971 0.4910 -0.7154
vn 0.8676 0.4730 -0.1536
vn 0.7321 0.4566 0.5056
vn 0.1700 0.4513 0.8760
vn -0.4894 0.4603 0.7407
vn 0.8367 0.5278 -0.1462
vn 0.7062 0.5119 0.4892
vn 0.1645 0.5068 0.8462
vn -0.4711 0.5155 0.7158
vn -0.8281 0.5328 0.1744
vn -0.6975 0.5486 -0.4610
vn -0.1558 0.5537 -0.8180
vn 0.4797 0.5451 -0.6876
vn 0.7560 -0.6339 -0.1633
vn 0.6366 -0.6484 0.4176
vn 0.1413 -0.6530 0.7441
vn -0.4398 -0.6451 0.6248
vn -0.7663 -0.6293 0.1298
vn -0.6469 -0.6148 -0.4512
vn -0.1516 -0.6101 -0.7777
vn 0.4295 -0.6181 -0.6584
vn 0.7486 -0.6429 -0.1622
vn 0.6303 -0.6573 0.4132
vn 0.1398 -0.6619 0.7365
vn -0.4357 -0.6540 0.6184
vn -0.7590 -0.6384 0.1281
vn -0.6408 -0.6240 -0.4472
vn -0.1502 -0.6194 -0.7705
vn 0.4252 -0.6273 -0.6525
vn 0.8796 -0.4396 -0.1817
vn 0.7411 -0.4564 0.4924
vn 0.1664 -0.4618 0.8713
vn -0.5079 -0.4526 0.7329
vn -0.8868 -0.4342 0.1584
vn -0.7482 -0.4174 -0.5157
vn -0.1735 -0.4120 -0.8945
vn 0.5008 -0.4212 -0.7562
vn 0.8279 -0.0217 0.5604
vn -0.8279 0.0217 -0.5604
vn 0.7842 0.6059 -0.1339
vn 0.6511 -0.6270 0.4278
vn 0.7731 -0.6122 -0.1660
vn 0.4394 -0.5960 -0.6721
vn -0.1547 -0.5879 -0.7940
vn -0.6610 -0.5927 -0.4603
vn -0.7830 -0.6075 0.1336
vn -0.4493 -0.6236 0.6397
vn -0.0081 -0.9996 -0.0266
vn 0.6620 0.5911 0.4609
vn 0.1549 0.5863 0.7952
vn -0.4401 0.5944 0.6731
vn -0.7743 0.6106 0.1662
vn -0.6521 0.6254 -0.4286
vn -0.1450 0.6302 -0.7628
vn 0.4500 0.6221 -0.6407
vn 0.0081 0.9996 0.0266
vn 0.3619 -0.0260 0.9319
vn 0.9132 -0.0642 0.4024
vn 0.9296 -0.0648 -0.3628
vn 0.4014 -0.0274 -0.9155
vn -0.3619 0.0260 -0.9319
vn -0.9132 0.0642 -0.4024
vn -0.9296 0.0648 0.3628
vn -0.4014 0.0274 0.9155
vn -0.9211 -0.1577 0.3561
vn -0.0698 -0.9976 -0.0007
vn -0.9144 -0.0458 -0.4022
vn -0.3593 0.0372 -0.9325
vn 0.4055 0.0372 -0.9133
vn 0.9318 -0.0432 -0.3604
vn 0.9020 -0.1537 0.4034
vn 0.3420 -0.2285 0.9115
vn -0.4006 -0.2300 0.8869
vn 0.0207 0.9994 -0.0279
vt 0.148603 0.027803
vt 0.145644 0.034024
vt 0.146096 0.034239
vt 0.149054 0.028018
vt 0.148255 0.035415
vt 0.144816 0.041384
vt 0.145249 0.041633
vt 0.148688 0.035665
vt 0.071705 0.129687
vt 0.065208 0.131974
vt 0.065374 0.132446
vt 0.071871 0.130158
vt -0.117798 0.086737
vt -0.122127 0.081379
vt -0.122516 0.081693
vt -0.118187 0.087051
vt -0.145644 0.034024
vt -0.148603 0.027803
vt -0.149054 0.028018
vt -0.146096 0.034239
vt -0.144816 0.041384
vt -0.148255 0.035415
vt -0.148688 0.035665
vt -0.145249 0.041633
vt -0.065208 0.131974
vt -0.071705 0.129687
vt -0.071871 0.130158
vt -0.065374 0.132446
vt 0.122127 0.081379
vt 0.117798 0.086737
vt 0.118187 0.087051
vt 0.122516 0.081693
vt -0.074176 0.136705
vt -0.067678 0.138992
vt -0.065374 0.132446
vt -0.071871 0.130158
vt 0.137829 -0.001933
vt 0.136187 0.004045
vt 0.137410 0.004738
vt 0.139234 -0.001904
vt -0.154702 0.039130
vt -0.152469 0.043005
vt -0.151263 0.045098
vt -0.145249 0.041634
vt -0.148688 0.035665
vt -0.155322 0.030999
vt -0.152363 0.037219
vt -0.146096 0.034238
vt -0.149054 0.028018
vt -0.127914 0.086054
vt -0.126583 0.087703
vt -0.123585 0.091413
vt -0.118187 0.087051
vt -0.122516 0.081693
vt 0.067678 0.138992
vt 0.074176 0.136705
vt 0.071871 0.130159
vt 0.065374 0.132446
vt 0.151263 0.045098
vt 0.154702 0.039130
vt 0.148688 0.035665
vt 0.145249 0.041634
vt 0.152363 0.037219
vt 0.155322 0.030999
vt 0.149054 0.028018
vt 0.146096 0.034238
vt 0.123585 0.091413
vt 0.127914 0.086055
vt 0.122516 0.081693
vt 0.118187 0.087051
vt -0.053495 0.140737
vt -0.048030 0.141866
vt -0.046522 0.137799
vt -0.053268 0.136405
vt -0.150068 0.065204
vt -0.146587 0.069565
vt -0.142827 0.067400
vt -0.147124 0.062017
vt -0.171889 0.024675
vt -0.169904 0.029890
vt -0.165663 0.028976
vt -0.168113 0.022538
vt -0.174599 0.027808
vt -0.173325 0.033240
vt -0.169001 0.032898
vt -0.170574 0.026191
vt 0.167204 0.053647
vt 0.169454 0.048542
vt 0.165793 0.046213
vt 0.163015 0.052517
vt 0.169263 0.007748
vt 0.170732 0.002365
vt 0.166767 0.000605
vt 0.164953 0.007250
vt 0.152023 0.040222
vt 0.154534 0.035239
vt 0.150998 0.032725
vt 0.147899 0.038877
vt 0.096679 0.110907
vt 0.101059 0.107451
vt 0.098917 0.103679
vt 0.093509 0.107945
vt -0.039695 0.099446
vt -0.035681 0.100102
vt -0.034499 0.097556
vt -0.040006 0.096657
vt -0.118249 0.050620
vt -0.115517 0.053633
vt -0.113007 0.052378
vt -0.116754 0.048245
vt -0.147391 -0.003310
vt -0.146450 0.000647
vt -0.143646 0.000757
vt -0.144936 -0.004671
vt -0.142541 -0.062797
vt -0.143888 -0.058959
vt -0.141588 -0.057350
vt -0.139740 -0.062615
vt 0.052817 -0.143995
vt 0.049203 -0.145861
vt 0.047291 -0.143805
vt 0.052250 -0.141247
vt 0.132762 -0.045429
vt 0.132532 -0.049490
vt 0.129790 -0.050092
vt 0.130106 -0.044521
vt 0.117490 0.017856
vt 0.119202 0.014166
vt 0.117068 0.012343
vt 0.114720 0.017405
vt 0.061857 0.080779
vt 0.065270 0.078567
vt 0.064435 0.075887
vt 0.059753 0.078922
vt -0.042106 0.115381
vt -0.039975 0.115743
vt -0.038404 0.112181
vt -0.042414 0.111501
vt -0.128929 0.060059
vt -0.127491 0.061672
vt -0.124040 0.059872
vt -0.126747 0.056836
vt -0.159269 0.006086
vt -0.158696 0.008170
vt -0.154805 0.008088
vt -0.155883 0.004167
vt -0.160591 -0.045767
vt -0.161044 -0.043654
vt -0.157554 -0.041931
vt -0.156702 -0.045908
vt 0.079438 -0.144654
vt 0.077683 -0.145917
vt 0.074705 -0.143411
vt 0.078006 -0.141035
vt 0.149220 -0.035532
vt 0.149267 -0.037693
vt 0.145516 -0.038729
vt 0.145426 -0.034662
vt 0.131495 0.025083
vt 0.132429 0.023134
vt 0.129437 0.020644
vt 0.127680 0.024312
vt 0.073011 0.093118
vt 0.074808 0.091916
vt 0.073502 0.088250
vt 0.070121 0.090511
vt -0.079073 0.166848
vt -0.077080 0.167513
vt -0.076156 0.164840
vt -0.078206 0.164156
vt -0.179039 0.058839
vt -0.177966 0.060644
vt -0.175520 0.059226
vt -0.176625 0.057368
vt -0.182637 0.045883
vt -0.181742 0.047783
vt -0.179171 0.046606
vt -0.180093 0.044650
vt -0.153474 0.104363
vt -0.152192 0.106026
vt -0.149934 0.104324
vt -0.151254 0.102612
vt 0.083469 0.166478
vt 0.085437 0.165745
vt 0.084478 0.163085
vt 0.082453 0.163840
vt 0.180053 0.055888
vt 0.181075 0.054053
vt 0.178621 0.052650
vt 0.177568 0.054538
vt 0.180399 0.048602
vt 0.181308 0.046709
vt 0.178772 0.045458
vt 0.177837 0.047407
vt 0.145738 0.111334
vt 0.147093 0.109729
vt 0.144952 0.107881
vt 0.143558 0.109533
vt -0.186170 -0.041503
vt -0.186410 -0.039161
vt -0.185282 -0.039251
vt -0.185084 -0.041186
vt -0.182817 -0.005282
vt -0.182355 -0.002973
vt -0.181304 -0.003392
vt -0.181686 -0.005300
vt -0.163345 0.040999
vt -0.162291 0.043104
vt -0.161388 0.042423
vt -0.162259 0.040684
vt -0.102071 0.118635
vt -0.100181 0.120039
vt -0.099682 0.119025
vt -0.101244 0.117864
vt 0.049486 0.151522
vt 0.051798 0.151077
vt 0.051387 0.150024
vt 0.049477 0.150391
vt 0.154909 0.078620
vt 0.156415 0.076811
vt 0.155430 0.076257
vt 0.154185 0.077752
vt 0.184087 0.028657
vt 0.184868 0.026437
vt 0.183751 0.026260
vt 0.183105 0.028095
vt 0.191378 0.010702
vt 0.191618 0.008360
vt 0.190491 0.008450
vt 0.190293 0.010386
vt -0.049736 0.145636
vt -0.047862 0.145987
vt -0.047433 0.144913
vt -0.049747 0.144479
vt -0.151825 0.074966
vt -0.150594 0.076422
vt -0.149583 0.075859
vt -0.151103 0.074062
vt -0.181294 0.023148
vt -0.180683 0.024954
vt -0.179536 0.024802
vt -0.180291 0.022572
vt -0.188362 -0.002792
vt -0.188279 -0.000887
vt -0.187136 -0.000713
vt -0.187238 -0.003064
vt 0.169257 -0.079419
vt 0.168638 -0.081222
vt 0.167492 -0.081065
vt 0.168256 -0.078839
vt 0.177890 -0.009685
vt 0.178205 -0.011565
vt 0.177122 -0.011973
vt 0.176734 -0.009651
vt 0.157659 0.040172
vt 0.158509 0.038465
vt 0.157593 0.037759
vt 0.156543 0.039867
vt 0.095498 0.116169
vt 0.097041 0.115049
vt 0.096555 0.114000
vt 0.094650 0.115382
vt 0.132298 -0.127988
vt 0.133140 -0.126881
vt 0.134232 -0.127387
vt 0.133078 -0.128905
vt 0.172798 -0.021794
vt 0.172646 -0.020412
vt 0.173786 -0.020026
vt 0.173995 -0.021922
vt 0.153038 0.035208
vt 0.152425 0.036456
vt 0.153365 0.037207
vt 0.154207 0.035496
vt 0.090714 0.110946
vt 0.089575 0.111743
vt 0.090038 0.112854
vt 0.091600 0.111761
vt -0.045769 0.139463
vt -0.047137 0.139217
vt -0.047599 0.140329
vt -0.045722 0.140666
vt -0.145632 0.074365
vt -0.146542 0.073315
vt -0.147600 0.073890
vt -0.146351 0.075331
vt -0.177573 0.019571
vt -0.177990 0.018245
vt -0.179189 0.018351
vt -0.178617 0.020170
vt -0.184350 -0.020206
vt -0.184268 -0.021594
vt -0.185426 -0.021921
vt -0.185539 -0.020017
vt 0.080836 0.163903
vt 0.079525 0.164365
vt 0.083193 0.174784
vt 0.084504 0.174322
vt 0.177475 0.055423
vt 0.176781 0.056627
vt 0.186352 0.062142
vt 0.187046 0.060937
vt 0.179305 0.045451
vt 0.178708 0.046706
vt 0.188684 0.051450
vt 0.189281 0.050195
vt 0.147862 0.105706
vt 0.146988 0.106787
vt 0.155581 0.113729
vt 0.156454 0.112648
vt -0.079525 0.164365
vt -0.080836 0.163903
vt -0.084504 0.174322
vt -0.083193 0.174784
vt -0.176781 0.056627
vt -0.177475 0.055423
vt -0.187046 0.060937
vt -0.186352 0.062142
vt -0.178708 0.046706
vt -0.179305 0.045451
vt -0.189281 0.050195
vt -0.188684 0.051450
vt -0.146988 0.106787
vt -0.147862 0.105706
vt -0.156454 0.112647
vt -0.155581 0.113729
vt 0.041112 0.109541
vt 0.038467 0.109984
vt 0.039511 0.112311
vt 0.040882 0.112082
vt 0.124882 0.056658
vt 0.123091 0.058654
vt 0.125360 0.059822
vt 0.126288 0.058787
vt 0.154826 0.002839
vt 0.154145 0.005433
vt 0.156696 0.005436
vt 0.157049 0.004091
vt 0.154247 -0.051784
vt 0.154922 -0.049189
vt 0.157148 -0.050434
vt 0.156798 -0.051780
vt -0.068882 -0.145106
vt -0.066620 -0.146545
vt -0.068489 -0.148281
vt -0.069662 -0.147534
vt -0.143281 -0.039112
vt -0.143271 -0.041794
vt -0.145741 -0.041158
vt -0.145746 -0.039768
vt -0.126365 0.022396
vt -0.127514 0.019973
vt -0.129467 0.021614
vt -0.128871 0.022870
vt -0.068958 0.088571
vt -0.071195 0.087092
vt -0.072017 0.089507
vt -0.070858 0.090274
vt 0.041117 0.103893
vt 0.036430 0.104673
vt 0.038091 0.108347
vt 0.040736 0.107907
vt 0.121520 0.052453
vt 0.118343 0.055985
vt 0.121932 0.057822
vt 0.123726 0.055828
vt 0.150179 -0.000167
vt 0.148993 0.004434
vt 0.153025 0.004405
vt 0.153694 0.001808
vt 0.148311 -0.054156
vt 0.149586 -0.049579
vt 0.153063 -0.051621
vt 0.152343 -0.054205
vt -0.064130 -0.141754
vt -0.060070 -0.144219
vt -0.062976 -0.147014
vt -0.065269 -0.145622
vt -0.137687 -0.039545
vt -0.137616 -0.044295
vt -0.141528 -0.043318
vt -0.141568 -0.040636
vt -0.121020 0.020786
vt -0.123049 0.016491
vt -0.126131 0.019091
vt -0.124986 0.021516
vt -0.064816 0.084575
vt -0.068784 0.081962
vt -0.070063 0.085786
vt -0.067823 0.087261
vt 0.049794 0.129413
vt 0.043586 0.130615
vt 0.045183 0.134730
vt 0.049847 0.133826
vt 0.141041 0.061115
vt 0.137003 0.065981
vt 0.140847 0.068150
vt 0.143881 0.064494
vt 0.164749 0.017639
vt 0.162636 0.023599
vt 0.166992 0.024309
vt 0.168579 0.019832
vt 0.169771 0.006070
vt 0.169056 0.012353
vt 0.173460 0.012063
vt 0.173997 0.007343
vt -0.166109 -0.027172
vt -0.165760 -0.033485
vt -0.170140 -0.032940
vt -0.170402 -0.028197
vt -0.160508 -0.004344
vt -0.161787 -0.010537
vt -0.165881 -0.008888
vt -0.164920 -0.004236
vt -0.141973 0.035207
vt -0.144805 0.029553
vt -0.148336 0.032202
vt -0.146208 0.036449
vt -0.085947 0.103691
vt -0.091014 0.099908
vt -0.092982 0.103859
vt -0.089175 0.106701
vt 0.071656 0.130404
vt 0.065691 0.132504
vt 0.074270 0.156873
vt 0.080235 0.154774
vt 0.148685 0.035991
vt 0.145528 0.041470
vt 0.167914 0.054368
vt 0.171071 0.048889
vt 0.149078 0.028341
vt 0.146362 0.034052
vt 0.169693 0.045149
vt 0.172409 0.039439
vt 0.122462 0.082014
vt 0.118488 0.086932
vt 0.138585 0.103169
vt 0.142559 0.098250
vt -0.065691 0.132504
vt -0.071656 0.130404
vt -0.080235 0.154774
vt -0.074271 0.156873
vt -0.145529 0.041470
vt -0.148686 0.035991
vt -0.171071 0.048889
vt -0.167914 0.054368
vt -0.146362 0.034052
vt -0.149078 0.028341
vt -0.172409 0.039439
vt -0.169693 0.045149
vt -0.118488 0.086932
vt -0.122462 0.082014
vt -0.142558 0.098250
vt -0.138585 0.103169
vt 0.063547 -0.128517
vt 0.068155 -0.125177
vt 0.069147 -0.126007
vt 0.064027 -0.129718
vt 0.113248 0.043385
vt 0.109122 0.048012
vt 0.109910 0.049176
vt 0.114495 0.044035
vt 0.040275 0.092552
vt 0.034163 0.093589
vt 0.034052 0.094991
vt 0.040843 0.093838
vt -0.058641 0.075281
vt -0.063794 0.071835
vt -0.064838 0.072776
vt -0.059112 0.076605
vt -0.110054 0.017041
vt -0.112732 0.011450
vt -0.114110 0.011728
vt -0.111135 0.017941
vt -0.126369 -0.034077
vt -0.126502 -0.040276
vt -0.127872 -0.040591
vt -0.127724 -0.033704
vt -0.067613 -0.125065
vt -0.062577 -0.128681
vt -0.063092 -0.129989
vt -0.068687 -0.125972
vt 0.137856 -0.043081
vt 0.139160 -0.037021
vt 0.140565 -0.036971
vt 0.139116 -0.043705
vt 0.016833 -0.046172
vt 0.010718 -0.045149
vt 0.007119 -0.040101
vt 0.008143 -0.033987
vt 0.013190 -0.030387
vt 0.019304 -0.031411
vt 0.022904 -0.036459
vt 0.021880 -0.042573
vt 0.126936 -0.039781
vt 0.126804 -0.034092
vt 0.128050 -0.033746
vt 0.128198 -0.040068
vt 0.112994 0.011888
vt 0.110534 0.017019
vt 0.111529 0.017847
vt 0.114262 0.012145
vt 0.063858 0.072321
vt 0.059128 0.075486
vt 0.059563 0.076704
vt 0.064818 0.073187
vt -0.034502 0.093971
vt -0.040112 0.093018
vt -0.040634 0.094202
vt -0.034400 0.095261
vt -0.109599 0.048060
vt -0.113385 0.043811
vt -0.114532 0.044410
vt -0.110325 0.049131
vt -0.136586 0.003999
vt -0.138098 -0.001488
vt -0.139391 -0.001459
vt -0.137712 0.004637
vt -0.139532 -0.036910
vt -0.138352 -0.042477
vt -0.139513 -0.043046
vt -0.140825 -0.036860
vt -0.021316 -0.042221
vt -0.022256 -0.036608
vt -0.018952 -0.031975
vt -0.013339 -0.031035
vt -0.008706 -0.034339
vt -0.007766 -0.039952
vt -0.011070 -0.044585
vt -0.016683 -0.045525
vt -0.166613 0.036369
vt -0.172457 0.039149
vt -0.169499 0.045370
vt -0.163654 0.042590
vt -0.136289 0.095583
vt -0.137640 0.093912
vt -0.142674 0.097979
vt -0.138345 0.103337
vt -0.133311 0.099270
vt 0.071830 0.150786
vt 0.073979 0.156891
vt 0.080477 0.154603
vt 0.078328 0.148499
vt 0.162096 0.051340
vt 0.167704 0.054571
vt 0.171143 0.048603
vt 0.165535 0.045372
vt 0.163654 0.042590
vt 0.169499 0.045370
vt 0.172457 0.039149
vt 0.166613 0.036369
vt 0.133311 0.099270
vt 0.138345 0.103337
vt 0.142674 0.097979
vt 0.137640 0.093912
vt -0.078328 0.148499
vt -0.080477 0.154603
vt -0.073979 0.156890
vt -0.071830 0.150786
vt -0.163328 0.049202
vt -0.165535 0.045372
vt -0.171143 0.048603
vt -0.167704 0.054571
vt -0.162096 0.051340
vt -0.126583 0.087703
vt -0.136289 0.095583
vt -0.133311 0.099270
vt -0.123585 0.091413
vt 0.067678 0.138992
vt 0.071830 0.150786
vt 0.078328 0.148499
vt 0.074176 0.136705
vt 0.151263 0.045098
vt 0.162096 0.051340
vt 0.165535 0.045372
vt 0.154702 0.039130
vt 0.152363 0.037219
vt 0.166613 0.036369
vt 0.155322 0.030999
vt 0.123585 0.091413
vt 0.133311 0.099270
vt 0.137640 0.093912
vt 0.127914 0.086055
vt -0.078328 0.148499
vt -0.071830 0.150786
vt -0.152469 0.043005
vt -0.154702 0.039130
vt -0.165535 0.045372
vt -0.163328 0.049202
vt -0.186997 0.047995
vt -0.189066 0.048997
vt -0.188238 0.050757
vt -0.186147 0.049800
vt -0.183176 0.061360
vt -0.185140 0.062557
vt -0.184145 0.064229
vt -0.182157 0.063075
vt -0.080556 0.171459
vt -0.081261 0.173648
vt -0.079415 0.174264
vt -0.078664 0.172091
vt 0.149473 0.114419
vt 0.151246 0.115883
vt 0.152501 0.114396
vt 0.150760 0.112894
vt 0.184789 0.050650
vt 0.186873 0.051623
vt 0.187715 0.049869
vt 0.185652 0.048852
vt 0.184310 0.058200
vt 0.186330 0.059298
vt 0.187278 0.057599
vt 0.185281 0.056458
vt 0.085209 0.170999
vt 0.086036 0.173145
vt 0.087859 0.172466
vt 0.087079 0.170303
vt -0.157278 0.107362
vt -0.159084 0.108785
vt -0.157896 0.110326
vt -0.156060 0.108942
vt -0.152469 0.043005
vt -0.163328 0.049202
vt -0.162096 0.051340
vt -0.151263 0.045098
vt -0.126583 0.087703
vt -0.137640 0.093912
vt -0.136289 0.095583
vt 0.189508 0.045531
vt 0.188767 0.046870
vt 0.189205 0.047112
vt 0.189946 0.045773
vt 0.176464 0.079911
vt 0.175511 0.081109
vt 0.175903 0.081420
vt 0.176855 0.080222
vt 0.010062 0.188214
vt 0.008532 0.188171
vt 0.008518 0.188671
vt 0.010048 0.188714
vt -0.164102 0.094807
vt -0.165037 0.093595
vt -0.165433 0.093900
vt -0.164499 0.095113
vt -0.188767 0.046870
vt -0.189508 0.045531
vt -0.189946 0.045773
vt -0.189205 0.047112
vt -0.175511 0.081109
vt -0.176464 0.079911
vt -0.176855 0.080222
vt -0.175902 0.081420
vt -0.008532 0.188171
vt -0.010062 0.188214
vt -0.010048 0.188714
vt -0.008518 0.188671
vt 0.165037 0.093595
vt 0.164102 0.094807
vt 0.164499 0.095113
vt 0.165433 0.093900
vt -0.004555 0.202196
vt -0.002529 0.201988
vt -0.002469 0.195891
vt -0.003997 0.195980
vt 0.016217 -0.052770
vt 0.014686 -0.052794
vt 0.013587 -0.051729
vt 0.013563 -0.050199
vt 0.014628 -0.049099
vt 0.016159 -0.049075
vt 0.017258 -0.050141
vt 0.017282 -0.051671
vt -0.189787 0.069584
vt -0.188636 0.071265
vt -0.183287 0.068545
vt -0.184143 0.067277
vt -0.195703 0.047881
vt -0.194780 0.049697
vt -0.189305 0.047214
vt -0.190047 0.045875
vt -0.176284 0.091647
vt -0.175205 0.093375
vt -0.170330 0.089668
vt -0.171213 0.088418
vt 0.009588 0.195781
vt 0.011621 0.195922
vt 0.010837 0.189702
vt 0.009307 0.189664
vt 0.174563 0.091828
vt 0.175919 0.090308
vt 0.170405 0.087134
vt 0.169393 0.088282
vt 0.194781 0.048225
vt 0.195691 0.046403
vt 0.189703 0.044290
vt 0.188970 0.045634
vt 0.191124 0.066438
vt 0.191921 0.064563
vt 0.186190 0.062088
vt 0.185514 0.063461
vt -0.028185 -0.044986
vt -0.028116 -0.042950
vt -0.026627 -0.041559
vt -0.024591 -0.041629
vt -0.023200 -0.043117
vt -0.023270 -0.045154
vt -0.024759 -0.046544
vt -0.026795 -0.046475
vt -0.182637 0.045883
vt -0.186997 0.047995
vt -0.186147 0.049800
vt -0.181742 0.047783
vt -0.153474 0.104363
vt -0.157279 0.107362
vt -0.156060 0.108942
vt -0.152192 0.106026
vt 0.083469 0.166479
vt 0.085209 0.170999
vt 0.087079 0.170303
vt 0.085437 0.165745
vt 0.180053 0.055888
vt 0.184310 0.058201
vt 0.185281 0.056458
vt 0.181075 0.054054
vt 0.180399 0.048602
vt 0.184789 0.050651
vt 0.185652 0.048852
vt 0.181308 0.046709
vt 0.145738 0.111334
vt 0.147093 0.109729
vt -0.079072 0.166848
vt -0.080556 0.171459
vt -0.078664 0.172091
vt -0.077080 0.167513
vt -0.179039 0.058839
vt -0.183176 0.061360
vt -0.182157 0.063075
vt -0.177966 0.060644
s 0
usemtl mat24
f 4/1/1 3/2/1 2/3/1 1/4/1
f 3/5/2 6/6/2 5/7/2 2/8/2
f 6/9/3 8/10/3 7/11/3 5/12/3
f 8/13/4 10/14/4 9/15/4 7/16/4
f 10/17/5 12/18/5 11/19/5 9/20/5
f 12/21/6 14/22/6 13/23/6 11/24/6
f 14/25/7 16/26/7 15/27/7 13/28/7
f 16/29/8 4/30/8 1/31/8 15/32/8
f 18/33/7 17/34/7 13/35/7 15/36/7
f 20/37/9 19/38/9 3/39/9 4/40/9
f 17/41/6 22/42/6 21/43/6 11/44/6 13/45/6
f 21/46/5 23/47/5 9/48/5 11/49/5
f 23/50/4 25/51/4 24/52/4 7/53/4 9/54/4
f 24/55/3 26/56/3 5/57/3 7/58/3
f 26/59/2 27/60/2 2/61/2 5/62/2
f 27/63/1 28/64/1 1/65/1 2/66/1
f 28/67/8 18/68/8 15/69/8 1/70/8
f 32/71/10 31/72/10 30/73/10 29/74/10
f 31/75/11 34/76/11 33/77/11 30/78/11
f 34/79/12 36/80/12 35/81/12 33/82/12
f 36/83/13 38/84/13 37/85/13 35/86/13
f 38/87/14 40/88/14 39/89/14 37/90/14
f 40/91/15 42/92/15 41/93/15 39/94/15
f 42/95/16 44/96/16 43/97/16 41/98/16
f 44/99/17 32/100/17 29/101/17 43/102/17
f 46/103/18 45/104/18 31/105/18 32/106/18
f 45/107/19 47/108/19 34/109/19 31/110/19
f 47/111/20 48/112/20 36/113/20 34/114/20
f 48/115/21 49/116/21 38/117/21 36/118/21
f 49/119/22 50/120/22 40/121/22 38/122/22
f 50/123/23 51/124/23 42/125/23 40/126/23
f 51/127/24 52/128/24 44/129/24 42/130/24
f 52/131/25 46/132/25 32/133/25 44/134/25
f 54/135/26 53/136/26 45/137/26 46/138/26
f 53/139/27 55/140/27 47/141/27 45/142/27
f 55/143/28 56/144/28 48/145/28 47/146/28
f 56/147/29 57/148/29 49/149/29 48/150/29
f 57/151/30 58/152/30 50/153/30 49/154/30
f 58/155/31 59/156/31 51/157/31 50/158/31
f 59/159/32 60/160/32 52/161/32 51/162/32
f 60/163/33 54/164/33 46/165/33 52/166/33
f 62/167/34 61/168/34 53/169/34 54/170/34
f 61/171/35 63/172/35 55/173/35 53/174/35
f 63/175/36 64/176/36 56/177/36 55/178/36
f 64/179/37 65/180/37 57/181/37 56/182/37
f 65/183/38 66/184/38 58/185/38 57/186/38
f 66/187/39 67/188/39 59/189/39 58/190/39
f 67/191/40 68/192/40 60/193/40 59/194/40
f 68/195/41 62/196/41 54/197/41 60/198/41
f 72/199/42 71/200/42 70/201/42 69/202/42
f 71/203/43 74/204/43 73/205/43 70/206/43
f 74/207/44 76/208/44 75/209/44 73/210/44
f 76/211/45 78/212/45 77/213/45 75/214/45
f 78/215/46 80/216/46 79/217/46 77/218/46
f 80/219/47 82/220/47 81/221/47 79/222/47
f 82/223/48 84/224/48 83/225/48 81/226/48
f 84/227/49 72/228/49 69/229/49 83/230/49
f 86/231/50 85/232/50 71/233/50 72/234/50
f 85/235/51 87/236/51 74/237/51 71/238/51
f 87/239/52 88/240/52 76/241/52 74/242/52
f 88/243/53 89/244/53 78/245/53 76/246/53
f 89/247/54 90/248/54 80/249/54 78/250/54
f 90/251/55 91/252/55 82/253/55 80/254/55
f 91/255/56 92/256/56 84/257/56 82/258/56
f 92/259/57 86/260/57 72/261/57 84/262/57
f 94/263/58 93/264/58 85/265/58 86/266/58
f 93/267/59 95/268/59 87/269/59 85/270/59
f 95/271/60 96/272/60 88/273/60 87/274/60
f 96/275/61 97/276/61 89/277/61 88/278/61
f 97/279/62 98/280/62 90/281/62 89/282/62
f 98/283/63 99/284/63 91/285/63 90/286/63
f 99/287/64 100/288/64 92/289/64 91/290/64
f 100/291/65 94/292/65 86/293/65 92/294/65
f 102/295/3 101/296/3 93/297/3 94/298/3
f 101/299/2 103/300/2 95/301/2 93/302/2
f 103/303/1 104/304/1 96/305/1 95/306/1
f 104/307/8 105/308/8 97/309/8 96/310/8
f 105/311/7 106/312/7 98/313/7 97/314/7
f 106/315/6 107/316/6 99/317/6 98/318/6
f 107/319/5 108/320/5 100/321/5 99/322/5
f 108/323/4 102/324/4 94/325/4 100/326/4
f 110/327/66 109/328/66 101/329/66 102/330/66
f 109/331/67 111/332/67 103/333/67 101/334/67
f 111/335/68 112/336/68 104/337/68 103/338/68
f 112/339/69 113/340/69 105/341/69 104/342/69
f 113/343/70 114/344/70 106/345/70 105/346/70
f 114/347/71 115/348/71 107/349/71 106/350/71
f 115/351/72 116/352/72 108/353/72 107/354/72
f 116/355/73 110/356/73 102/357/73 108/358/73
f 118/359/74 117/360/74 109/361/74 110/362/74
f 117/363/75 119/364/75 111/365/75 109/366/75
f 119/367/76 120/368/76 112/369/76 111/370/76
f 120/371/77 121/372/77 113/373/77 112/374/77
f 121/375/78 122/376/78 114/377/78 113/378/78
f 122/379/79 123/380/79 115/381/79 114/382/79
f 123/383/80 124/384/80 116/385/80 115/386/80
f 124/387/81 118/388/81 110/389/81 116/390/81
f 126/391/82 125/392/82 117/393/82 118/394/82
f 125/395/83 127/396/83 119/397/83 117/398/83
f 127/399/84 128/400/84 120/401/84 119/402/84
f 128/403/85 129/404/85 121/405/85 120/406/85
f 129/407/86 130/408/86 122/409/86 121/410/86
f 130/411/87 131/412/87 123/413/87 122/414/87
f 131/415/88 132/416/88 124/417/88 123/418/88
f 132/419/89 126/420/89 118/421/89 124/422/89
f 134/423/3 133/424/3 125/425/3 126/426/3
f 133/427/90 135/428/90 127/429/90 125/430/90
f 135/431/1 136/432/1 128/433/1 127/434/1
f 136/435/8 137/436/8 129/437/8 128/438/8
f 137/439/7 138/440/7 130/441/7 129/442/7
f 138/443/91 139/444/91 131/445/91 130/446/91
f 139/447/5 140/448/5 132/449/5 131/450/5
f 140/451/4 134/452/4 126/453/4 132/454/4
f 142/455/92 141/456/92 133/457/92 134/458/92
f 19/459/93 143/460/93 6/461/93 3/462/93
f 143/463/94 144/464/94 8/465/94 6/466/94
f 144/467/95 145/468/95 10/469/95 8/470/95
f 145/471/96 146/472/96 12/473/96 10/474/96
f 146/475/97 147/476/97 14/477/97 12/478/97
f 147/479/98 148/480/98 16/481/98 14/482/98
f 148/483/99 20/484/99 4/485/99 16/486/99
f 148/487/100 147/488/100 146/489/100 145/490/100 144/491/100 143/492/100 19/493/100 20/494/100
f 141/495/101 149/496/101 135/497/101 133/498/101
f 149/499/102 150/500/102 136/501/102 135/502/102
f 150/503/103 151/504/103 137/505/103 136/506/103
f 151/507/104 152/508/104 138/509/104 137/510/104
f 152/511/105 153/512/105 139/513/105 138/514/105
f 153/515/106 154/516/106 140/517/106 139/518/106
f 154/519/107 142/520/107 134/521/107 140/522/107
f 154/523/108 153/524/108 152/525/108 151/526/108 150/527/108 149/528/108 141/529/108 142/530/108
f 156/531/5 33/532/5 35/533/5 155/534/5
f 158/535/4 155/536/4 35/537/4 37/538/4 157/539/4
f 157/540/3 37/541/3 39/542/3 159/543/3
f 159/544/2 39/545/2 41/546/2 160/547/2
f 160/548/1 41/549/1 43/550/1 161/551/1
f 161/552/8 43/553/8 29/554/8 162/555/8
f 162/556/7 29/557/7 30/558/7 163/559/7
f 164/560/6 163/561/6 30/562/6 33/563/6 156/564/6
f 25/565/4 158/566/4 157/567/4 24/568/4
f 24/569/3 157/570/3 159/571/3 26/572/3
f 26/573/2 159/574/2 160/575/2 27/576/2
f 27/577/1 160/548/1 161/578/1 28/579/1
f 28/580/8 161/581/8 162/582/8 18/583/8
f 18/33/7 162/584/7 163/585/7 17/34/7
f 22/586/6 17/587/6 163/588/6 164/589/6
f 166/590/36 73/591/36 75/592/36 165/593/36
f 167/594/35 70/595/35 73/596/35 166/597/35
f 168/598/34 69/599/34 70/600/34 167/601/34
f 169/602/41 83/603/41 69/604/41 168/605/41
f 170/606/40 81/607/40 83/608/40 169/609/40
f 171/610/39 79/611/39 81/612/39 170/613/39
f 172/614/38 77/615/38 79/616/38 171/617/38
f 165/618/37 75/619/37 77/620/37 172/621/37
usemtl mat19
f 21/46/5 156/531/5 155/534/5 23/47/5
f 22/622/6 164/623/6 156/624/6 21/625/6
f 25/626/4 23/50/4 155/627/4 158/628/4
f 176/629/109 175/630/109 174/631/109 173/632/109
f 175/633/110 178/634/110 177/635/110 174/636/110
f 178/637/111 180/638/111 179/639/111 177/640/111
f 180/641/112 182/642/112 181/643/112 179/644/112
f 182/645/113 184/646/113 183/647/113 181/648/113
f 184/649/114 186/650/114 185/651/114 183/652/114
f 186/653/115 188/654/115 187/655/115 185/656/115
f 188/657/116 176/658/116 173/659/116 187/660/116
f 190/661/117 189/662/117 185/663/117 187/664/117
f 188/665/118 186/666/118 184/667/118 182/668/118 180/669/118 178/670/118 175/671/118 176/672/118
f 189/673/119 191/674/119 183/675/119 185/676/119
f 191/677/120 192/678/120 181/679/120 183/680/120
f 192/681/121 193/682/121 179/683/121 181/684/121
f 193/685/122 194/686/122 177/687/122 179/688/122
f 194/689/123 195/690/123 174/691/123 177/692/123
f 195/693/124 196/694/124 173/695/124 174/696/124
f 196/697/125 190/698/125 187/699/125 173/700/125
f 196/701/126 195/702/126 194/703/126 193/704/126 192/705/126 191/706/126 189/707/126 190/708/126
usemtl mat11
f 63/709/36 166/710/36 165/711/36 64/712/36
f 64/713/37 165/714/37 172/715/37 65/716/37
f 65/717/38 172/718/38 171/719/38 66/720/38
f 66/721/39 171/722/39 170/723/39 67/724/39
f 67/725/40 170/726/40 169/727/40 68/728/40
f 68/729/41 169/602/41 168/605/41 62/730/41
f 62/731/34 168/732/34 167/733/34 61/734/34
f 61/735/35 167/736/35 166/737/35 63/738/35
o group732647983.001
v -0.379834 -0.108606 -0.132443
v 0.333473 -0.105166 -0.102767
v 0.333248 -0.061636 -0.102409
v -0.380058 -0.065076 -0.132084
v -0.389233 -0.110518 0.093722
v -0.389458 -0.066987 0.094081
v 0.323848 -0.063547 0.123757
v 0.324073 -0.107078 0.123398
v -0.383505 -0.109353 -0.044117
v -0.385707 -0.109801 0.008868
v -0.386997 -0.110063 0.039897
v -0.388576 -0.110384 0.077890
v 0.325270 -0.106834 0.094603
v 0.327267 -0.106428 0.046575
v 0.328723 -0.106132 0.011537
v 0.331428 -0.105582 -0.053550
v 0.334456 -0.056456 -0.051345
v -0.380300 -0.060154 -0.048849
v 0.326598 -0.063339 0.012229
v 0.334961 -0.064955 0.012820
v 0.339727 -0.063949 -0.051883
v 0.327900 -0.058163 0.046395
v -0.387104 -0.066509 0.037435
v -0.382882 -0.060265 0.008647
v 0.324805 -0.058621 0.092648
v 0.332295 -0.064115 0.091063
v 0.336883 -0.063710 0.045527
v -0.388977 -0.066976 0.077395
v -0.394606 -0.066307 0.008269
v -0.392216 -0.065821 -0.049234
v -0.397673 -0.067061 0.076986
v -0.395801 -0.066594 0.037027
v 0.337403 -0.105707 0.011901
v 0.340108 -0.105157 -0.053186
v 0.333969 -0.106732 0.094965
v 0.335965 -0.106326 0.046937
v 0.331524 -0.056582 0.013928
v -0.392216 -0.065821 -0.049234
v -0.394606 -0.066307 0.008269
v -0.388154 -0.057610 0.074271
v -0.395801 -0.066550 0.037027
v -0.397673 -0.067018 0.076987
v -0.386237 -0.057230 0.033805
v -0.394406 -0.109843 0.008507
v -0.392204 -0.109395 -0.044479
v -0.392261 -0.057115 -0.049162
v -0.394651 -0.057601 0.008340
v -0.397272 -0.110469 0.077482
v -0.395693 -0.110148 0.039488
v -0.395846 -0.057844 0.037099
v -0.397528 -0.058186 0.077576
v 0.335279 -0.062914 0.012594
v 0.340045 -0.061908 -0.052109
v 0.333640 -0.063403 0.090565
v 0.336862 -0.063701 0.045775
v -0.229667 -0.265762 0.028008
v -0.229359 -0.244622 0.020315
v -0.281093 -0.243947 0.020094
v -0.281401 -0.265087 0.027787
v -0.229058 -0.271297 0.095928
v -0.280797 -0.271297 0.095928
v -0.280797 -0.250047 0.095928
v -0.229058 -0.250047 0.095928
v -0.229058 -0.101297 -0.051898
v -0.229058 -0.101297 0.095928
v -0.280797 -0.101297 0.095928
v -0.280797 -0.101297 -0.051898
v -0.280797 -0.178906 -0.007550
v -0.280797 -0.150265 0.007233
v -0.280797 -0.165047 0.095928
v -0.280797 -0.186297 0.095928
v -0.229058 -0.165047 0.095928
v -0.229058 -0.186297 0.095928
v -0.229058 -0.150265 0.007233
v -0.229058 -0.178906 -0.007550
v -0.280797 -0.136406 -0.044507
v -0.280797 -0.143797 0.095928
v -0.229058 -0.143797 0.095928
v -0.229058 -0.136406 -0.044507
v -0.279616 -0.224701 0.032874
v -0.280797 -0.200156 -0.007550
v -0.280797 -0.207547 0.095928
v -0.280797 -0.228797 0.095928
v -0.229058 -0.207547 0.095928
v -0.229058 -0.228797 0.095928
v -0.229058 -0.200156 -0.007550
v -0.227899 -0.224671 0.031361
v 0.220333 -0.265762 0.048008
v 0.220641 -0.244622 0.040315
v 0.168907 -0.243947 0.040094
v 0.168599 -0.265087 0.047787
v 0.220942 -0.271297 0.115928
v 0.169203 -0.271297 0.115928
v 0.169203 -0.250047 0.115928
v 0.220942 -0.250047 0.115928
v 0.220942 -0.101297 -0.031898
v 0.220942 -0.101297 0.115928
v 0.169203 -0.101297 0.115928
v 0.169203 -0.101297 -0.031898
v 0.169203 -0.178906 0.012450
v 0.169203 -0.150265 0.027233
v 0.169203 -0.165047 0.115928
v 0.169203 -0.186297 0.115928
v 0.220942 -0.165047 0.115928
v 0.220942 -0.186297 0.115928
v 0.220942 -0.150265 0.027233
v 0.220942 -0.178906 0.012450
v 0.169203 -0.136406 -0.024506
v 0.169203 -0.143797 0.115928
v 0.220942 -0.143797 0.115928
v 0.220942 -0.136406 -0.024506
v 0.170384 -0.224701 0.052874
v 0.169203 -0.200156 0.012450
v 0.169203 -0.207547 0.115928
v 0.169203 -0.228797 0.115928
v 0.220942 -0.207547 0.115928
v 0.220942 -0.228797 0.115928
v 0.220942 -0.200156 0.012450
v 0.222101 -0.224671 0.051361
vn 0.0415 0.0084 -0.9991
vn -0.0415 -0.0084 0.9991
vn 0.0052 -1.0000 -0.0082
vn -0.0036 0.9972 -0.0750
vn -0.9992 0.0310 -0.0235
vn 0.9995 -0.0305 0.0098
vn -0.5522 -0.8271 -0.1052
vn -0.0038 0.9999 0.0168
vn -0.5615 -0.8256 -0.0548
vn -0.0114 0.9947 0.1024
vn -0.4434 0.8962 -0.0145
vn -0.9957 0.0265 -0.0889
vn -0.0103 0.9999 0.0112
vn 0.0492 -0.9988 -0.0064
vn 0.9999 0.0164 0.0011
vn 0.0121 -0.9999 -0.0079
vn 0.9993 0.0082 0.0366
vn -0.0059 -0.2397 0.9708
vn 0.4434 -0.8962 0.0145
vn -0.0052 1.0000 0.0017
vn -0.0240 0.3182 0.9477
vn 0.0053 -0.9999 -0.0114
vn 0.0159 -0.3656 -0.9306
vn 0.0012 1.0000 0.0097
vn -0.9994 -0.0072 -0.0350
vn -0.0380 0.0060 0.9993
vn 0.0647 -0.1037 -0.9925
vn -0.9991 -0.0048 -0.0416
vn 0.0283 0.0084 -0.9996
vn 0.2333 0.9723 0.0151
vn -0.0280 -0.0084 0.9996
vn -0.0470 0.0110 0.9988
vn 0.0102 -0.9999 -0.0080
vn 0.0474 -0.0563 -0.9973
vn -0.9990 -0.0074 -0.0443
vn -0.1465 -0.1856 -0.9716
vn -0.0605 0.9982 0.0062
vn 0.1527 0.1283 0.9799
vn -0.9990 0.0074 -0.0441
vn -0.0410 -0.0182 0.9990
vn 0.3332 0.9385 0.0905
vn -0.0153 0.0360 -0.9992
vn 0.9980 0.0242 0.0577
vn -0.1024 -0.1716 0.9798
vn 0.8777 0.4759 0.0561
vn 0.1159 0.0698 0.9908
vn 0.5055 0.8621 0.0366
vn -0.0190 -0.0144 -0.9997
vn 0.9984 -0.0030 0.0561
vn -0.0004 -0.3420 -0.9397
vn -0.0000 -0.0000 1.0000
vn 0.9999 -0.0085 -0.0070
vn -0.9999 0.0085 0.0070
vn -0.0063 -0.9963 -0.0859
vn -0.0000 1.0000 -0.0000
vn -1.0000 -0.0000 -0.0000
vn 1.0000 -0.0000 -0.0000
vn -0.0000 0.4586 -0.8886
vn -0.0000 -0.2060 -0.9786
vn -0.9994 -0.0341 -0.0094
vn 0.9994 0.0331 0.0092
vn -0.0074 -0.8506 -0.5258
vn -0.0000 -0.9659 -0.2587
vn -0.0000 -0.0000 -1.0000
vn -0.9993 0.0376 -0.0036
vn 0.9993 -0.0364 0.0036
vn -0.0074 0.5198 -0.8543
vt -0.157980 0.006551
vt -0.126128 0.070445
vt -0.122232 0.068503
vt -0.154084 0.004609
vt 0.122232 0.068503
vt 0.126128 0.070445
vt 0.157980 0.006551
vt 0.154084 0.004609
vt 0.020711 -0.001134
vt 0.025272 -0.002995
vt 0.031304 -0.005456
vt 0.034551 -0.006781
vt 0.039002 -0.008596
vt 0.041671 -0.009685
vt 0.014701 -0.075788
vt 0.013233 -0.075190
vt 0.009712 -0.073753
vt 0.006837 -0.072580
vt 0.001927 -0.070576
vt -0.006259 -0.067237
vt -0.015516 -0.073816
vt -0.036970 -0.005634
vt -0.032043 -0.004195
vt -0.007579 -0.071265
vt -0.103143 0.094969
vt -0.105625 0.099252
vt -0.098573 0.103700
vt -0.096008 0.100186
vt 0.099375 0.106672
vt 0.103870 0.104196
vt 0.100892 0.100275
vt 0.096869 0.103115
vt -0.037729 -0.066176
vt -0.032955 -0.070558
vt -0.033474 -0.071148
vt -0.038259 -0.066847
vt -0.005372 -0.072050
vt -0.007940 -0.073439
vt -0.033273 -0.006568
vt -0.030026 -0.005525
vt -0.022600 -0.078527
vt -0.019166 -0.081553
vt -0.019599 -0.082389
vt -0.023162 -0.079424
vt 0.002129 -0.069606
vt 0.000607 -0.070271
vt -0.028838 -0.005234
vt -0.025959 -0.003964
vt -0.028349 -0.005494
vt -0.033755 -0.007468
vt -0.034193 -0.006223
vt -0.028787 -0.004248
vt -0.117899 0.080510
vt -0.120252 0.078489
vt -0.122878 0.081970
vt -0.121066 0.084326
vt -0.008929 -0.073610
vt -0.012625 -0.075143
vt -0.012958 -0.074339
vt -0.009263 -0.072806
vt 0.027902 0.003715
vt 0.033951 0.001297
vt 0.033628 0.000490
vt 0.027579 0.002907
vt 0.111788 0.096278
vt 0.114840 0.094658
vt 0.111982 0.090770
vt 0.109183 0.092878
vt 0.035256 -0.005027
vt 0.039709 -0.006837
vt 0.039381 -0.007644
vt 0.034928 -0.005833
vt 0.121743 0.087552
vt 0.123866 0.085223
vt 0.121118 0.081847
vt 0.118883 0.083666
vt 0.135774 0.059844
vt 0.161911 -0.006647
vt 0.135311 0.059127
vt 0.033755 -0.007466
vt 0.028349 -0.005493
vt 0.028787 -0.004247
vt 0.034193 -0.006222
vt -0.002652 -0.070390
vt -0.007980 -0.072567
vt -0.032501 -0.005463
vt -0.026452 -0.002992
vt 0.140418 0.007499
vt 0.139609 0.006927
vt 0.103575 0.068566
vt 0.012282 -0.075819
vt 0.008588 -0.074283
vt 0.008923 -0.073480
vt 0.012617 -0.075016
vt -0.138189 0.006409
vt -0.101087 0.067441
vt -0.137378 0.005823
vt -0.008498 -0.074238
vt -0.012238 -0.075796
vt -0.038246 -0.009388
vt -0.034002 -0.007522
vt -0.119410 0.083609
vt -0.120642 0.082613
vt -0.123380 0.085997
vt -0.122075 0.087037
vt 0.157954 0.006080
vt 0.154065 0.004121
vt 0.153673 0.004899
vt 0.157959 0.007399
vt 0.006508 -0.073386
vt 0.001598 -0.071383
vt 0.001927 -0.070576
vt -0.150156 0.008493
vt -0.154004 0.010592
vt -0.153922 0.011910
vt -0.149739 0.009257
vt -0.110655 0.090289
vt -0.114759 0.086930
vt -0.117470 0.090337
vt -0.113017 0.093982
vt -0.158542 0.005111
vt -0.159322 0.005498
vt -0.158514 0.006431
vt 0.016704 -0.100831
vt 0.011508 -0.103306
vt 0.011003 -0.102209
vt 0.016187 -0.099710
vt 0.159361 0.005411
vt 0.158581 0.005024
vt 0.158595 0.006343
vt -0.118022 0.091011
vt -0.113568 0.094656
vt -0.113017 0.093982
vt -0.117470 0.090337
vt 0.157483 0.006716
vt 0.153602 0.004770
vt 0.153212 0.005548
vt 0.157093 0.007494
vt 0.013230 -0.075335
vt 0.009708 -0.073901
vt 0.010040 -0.073097
vt 0.013562 -0.074530
vt -0.151863 0.006052
vt -0.155725 0.008079
vt -0.155324 0.008852
vt -0.151462 0.006824
vt -0.117889 0.084299
vt -0.120818 0.081873
vt -0.123521 0.085270
vt -0.120448 0.087832
vt -0.154498 -0.002474
vt -0.155262 -0.002092
vt -0.154893 -0.001159
vt -0.154087 -0.001725
vt -0.012740 -0.066794
vt -0.016505 -0.068291
vt -0.016503 -0.067295
vt -0.012747 -0.065776
vt 0.157636 -0.002896
vt 0.156862 -0.003289
vt 0.156465 -0.002534
vt 0.157272 -0.001986
vt -0.122261 0.086947
vt -0.119103 0.089486
vt -0.118558 0.088807
vt -0.121667 0.086290
vt 0.122378 0.069017
vt 0.126299 0.070745
vt 0.126650 0.069949
vt 0.122728 0.068221
vt 0.003368 -0.047372
vt 0.008826 -0.043879
vt 0.009129 -0.044522
vt 0.003763 -0.048072
vt -0.128074 0.068186
vt -0.124178 0.066306
vt -0.124516 0.065507
vt -0.128811 0.067921
vt 0.113857 0.091708
vt 0.118687 0.087377
vt 0.115814 0.084199
vt 0.110938 0.088517
vt 0.131627 0.066402
vt 0.132538 0.066436
vt 0.132110 0.065698
vt 0.122226 -0.032898
vt 0.121778 -0.039415
vt 0.120891 -0.039231
vt 0.121325 -0.032758
vt 0.121908 0.061294
vt 0.125796 0.063251
vt 0.126619 0.062654
vt 0.122291 0.060524
vt 0.006848 -0.076760
vt 0.010461 -0.074094
vt 0.010978 -0.075013
vt 0.007213 -0.077719
vt -0.126017 0.068667
vt -0.122247 0.066673
vt -0.122628 0.065892
vt -0.126914 0.068113
vt 0.118787 0.088779
vt 0.122277 0.085954
vt 0.119867 0.082327
vt 0.116177 0.085407
vt -0.118775 0.004897
vt -0.120695 0.006069
vt -0.117999 0.010485
vt -0.116079 0.009313
vt 0.134914 0.010413
vt 0.137228 0.005785
vt 0.135327 0.004835
vt 0.133014 0.009463
vt 0.098286 0.084611
vt 0.104206 0.079876
vt 0.103001 0.078126
vt 0.097721 0.082434
vt -0.102948 0.078108
vt -0.104153 0.079859
vt -0.098253 0.084662
vt -0.097687 0.082484
vt 0.008751 -0.059309
vt 0.006830 -0.064113
vt 0.000454 -0.061628
vt 0.002402 -0.056835
vt -0.005687 -0.061703
vt -0.019608 -0.066675
vt -0.021349 -0.061803
vt -0.007427 -0.056831
vt -0.109825 0.083403
vt -0.111061 0.085133
vt -0.104702 0.091491
vt -0.101835 0.090019
vt 0.140616 0.013264
vt 0.142517 0.014214
vt 0.144831 0.009587
vt 0.142930 0.008636
vt 0.101835 0.090019
vt 0.104702 0.091491
vt 0.111061 0.085133
vt 0.109825 0.083403
vt -0.141982 -0.018537
vt -0.145086 -0.017667
vt -0.143688 -0.012685
vt -0.140585 -0.013556
vt -0.112296 0.086862
vt -0.114766 0.090320
vt -0.102737 0.098912
vt -0.101298 0.095626
vt 0.144418 0.015165
vt 0.148219 0.017065
vt 0.150533 0.012438
vt 0.146731 0.010537
vt 0.101298 0.095626
vt 0.102737 0.098912
vt 0.114766 0.090320
vt 0.112296 0.086862
vt -0.139308 0.013924
vt -0.142435 0.015684
vt -0.139897 0.020193
vt -0.136770 0.018433
vt -0.112508 0.075969
vt -0.113822 0.077638
vt -0.106150 0.084621
vt -0.107805 0.080190
vt 0.136815 0.011363
vt 0.138716 0.012314
vt 0.141029 0.007686
vt 0.139129 0.006736
vt 0.107386 0.080304
vt 0.105842 0.084637
vt 0.113523 0.077665
vt 0.112212 0.075994
vt -0.061032 -0.030920
vt -0.065202 -0.028688
vt -0.062648 -0.024189
vt -0.058591 -0.026358
vt -0.112296 0.086862
vt -0.101298 0.095626
vt 0.146731 0.010537
vt 0.144831 0.009587
vt 0.101298 0.095626
vt 0.112296 0.086862
vt -0.027768 -0.049026
vt -0.032607 -0.046730
vt -0.030390 -0.042055
vt -0.025550 -0.044351
vt -0.108590 0.081674
vt -0.100599 0.088290
vt 0.141029 0.007686
vt 0.100599 0.088290
vt 0.101835 0.090019
vt 0.109825 0.083403
vt 0.108590 0.081674
vt -0.141690 0.008017
vt -0.143591 0.008967
vt -0.141277 0.013595
vt -0.139377 0.012644
vt -0.102762 0.079311
vt -0.103946 0.081074
vt -0.098941 0.084933
vt -0.096805 0.084043
vt 0.137228 0.005785
vt 0.097006 0.084099
vt 0.099038 0.085141
vt 0.104163 0.081191
vt 0.102977 0.079429
vt -0.134519 -0.025194
vt -0.136729 -0.024511
vt -0.135446 -0.019500
vt -0.133265 -0.020175
vt -0.095265 0.043272
vt -0.097185 0.044444
vt -0.094488 0.048860
vt -0.092568 0.047688
vt 0.114790 0.050662
vt 0.117104 0.046035
vt 0.115203 0.045084
vt 0.112889 0.049712
vt 0.100411 0.083615
vt 0.106331 0.078880
vt 0.105126 0.077130
vt 0.099845 0.081438
vt -0.105072 0.077113
vt -0.106277 0.078863
vt -0.100377 0.083666
vt -0.099812 0.081488
vt 0.027313 -0.018269
vt 0.025391 -0.023073
vt 0.019016 -0.020588
vt 0.020963 -0.015795
vt -0.022706 -0.019997
vt -0.036627 -0.024969
vt -0.038367 -0.020097
vt -0.024446 -0.015125
vt -0.111453 0.082241
vt -0.112688 0.083970
vt -0.106330 0.090328
vt -0.103462 0.088857
vt 0.120492 0.053513
vt 0.122392 0.054464
vt 0.124706 0.049836
vt 0.122805 0.048886
vt 0.103462 0.088857
vt 0.106330 0.090328
vt 0.112688 0.083970
vt 0.111453 0.082241
vt -0.130712 0.025038
vt -0.133815 0.025909
vt -0.132418 0.030890
vt -0.129314 0.030020
vt -0.113923 0.085699
vt -0.116393 0.089158
vt -0.104364 0.097750
vt -0.102925 0.094463
vt 0.124293 0.055414
vt 0.128094 0.057315
vt 0.130408 0.052687
vt 0.126607 0.050786
vt 0.102925 0.094463
vt 0.104364 0.097750
vt 0.116393 0.089158
vt 0.113923 0.085699
vt -0.116877 0.052937
vt -0.120003 0.054697
vt -0.117466 0.059206
vt -0.114339 0.057446
vt -0.112796 0.073789
vt -0.114110 0.075458
vt -0.106438 0.082441
vt -0.108093 0.078010
vt 0.116690 0.051613
vt 0.118591 0.052563
vt 0.120905 0.047935
vt 0.119004 0.046985
vt 0.107715 0.078152
vt 0.106170 0.082485
vt 0.113853 0.075513
vt 0.112541 0.073842
vt -0.037340 0.007365
vt -0.041511 0.009598
vt -0.038957 0.014097
vt -0.034900 0.011928
vt -0.113923 0.085699
vt -0.102925 0.094463
vt 0.122392 0.054464
vt 0.126607 0.050786
vt 0.102925 0.094463
vt 0.113923 0.085699
vt -0.006736 -0.009196
vt -0.011576 -0.006900
vt -0.009358 -0.002226
vt -0.004519 -0.004521
vt -0.110218 0.080512
vt -0.102227 0.087128
vt 0.102227 0.087128
vt 0.103462 0.088857
vt 0.110218 0.080512
vt -0.121566 0.048266
vt -0.123467 0.049216
vt -0.121153 0.053844
vt -0.119252 0.052894
vt -0.105231 0.079691
vt -0.106414 0.081454
vt -0.101410 0.085313
vt -0.099274 0.084423
vt 0.114790 0.050662
vt 0.099444 0.084433
vt 0.101476 0.085475
vt 0.106601 0.081524
vt 0.105415 0.079762
vt -0.125012 0.018788
vt -0.127222 0.019471
vt -0.125938 0.024482
vt -0.123757 0.023807
s 0
usemtl mat19
f 200/739/127 199/740/127 198/741/127 197/742/127
f 204/743/128 203/744/128 202/745/128 201/746/128
f 198/747/129 212/748/129 211/749/129 210/750/129 209/751/129 204/752/129 201/753/129 208/754/129 207/755/129 206/756/129 205/757/129 197/758/129
f 214/759/130 213/760/130 199/761/130 200/762/130
f 205/763/131 214/764/131 200/765/131 197/766/131
f 199/767/132 213/768/132 212/769/132 198/770/132
f 217/771/133 216/772/133 215/773/133 213/774/133
f 220/775/134 219/776/134 218/777/134 215/778/134
f 223/779/135 222/780/135 221/781/135 218/782/135
f 224/783/136 202/784/136 203/785/136 221/786/136
f 226/787/137 225/788/137 220/789/137 214/790/137
f 206/791/138 207/792/138 219/793/138 220/794/138
f 228/795/139 227/796/139 224/797/139 219/798/139
f 230/799/140 229/800/140 211/801/140 212/802/140
f 215/803/141 218/804/141 210/805/141 211/806/141
f 232/807/142 231/808/142 209/809/142 210/810/142
f 221/811/143 203/812/143 204/813/143 209/814/143
f 233/815/144 220/816/144 215/817/144
f 235/818/145 234/819/145 214/820/145 220/821/145
f 214/822/146 220/823/146 233/824/146 213/825/146
f 236/826/147 224/827/147 221/828/147
f 238/829/148 237/830/148 219/831/148 224/832/148
f 239/833/149 218/834/149 219/835/149
f 239/836/150 236/837/150 221/838/150 218/839/150
f 208/840/151 201/841/151 202/842/151 224/843/151
f 225/844/152 240/845/152 206/846/152 220/847/152
f 240/848/129 241/849/129 205/850/129 206/756/129
f 241/851/153 226/852/153 214/853/153 205/854/153
f 241/855/154 240/856/154 225/857/154 226/858/154
f 234/859/155 242/860/155 214/861/155
f 242/862/156 243/863/156 220/864/156 214/865/156
f 243/866/157 235/867/157 220/868/157
f 243/869/154 242/870/154 234/871/154 235/872/154
f 227/873/158 244/874/158 208/875/158 224/876/158
f 244/877/159 245/878/159 207/879/159 208/880/159
f 245/881/160 228/882/160 219/883/160 207/884/160
f 245/885/161 244/886/161 227/887/161 228/888/161
f 237/889/162 246/890/162 239/891/162 219/892/162
f 246/893/163 247/894/163 236/895/163 239/896/163
f 247/897/164 238/898/164 224/899/164 236/900/164
f 247/901/165 246/902/165 237/903/165 238/904/165
f 229/905/166 248/906/166 215/907/166 211/908/166
f 248/909/167 249/910/167 213/911/167 215/912/167
f 249/913/168 230/914/168 212/915/168 213/916/168
f 249/917/169 248/918/169 229/919/169 230/920/169
f 216/921/170 233/922/170 215/923/170
f 213/924/171 233/925/171 216/926/171 217/927/171
f 231/928/172 250/929/172 221/930/172 209/931/172
f 250/932/173 251/933/173 218/934/173 221/935/173
f 251/936/174 232/937/174 210/938/174 218/939/174
f 251/940/175 250/941/175 231/942/175 232/943/175
f 255/944/176 254/945/176 253/946/176 252/947/176
f 259/948/177 258/949/177 257/950/177 256/951/177
f 253/952/178 259/953/178 256/954/178 252/955/178
f 257/956/179 258/957/179 254/958/179 255/959/179
f 256/960/180 257/961/180 255/962/180 252/963/180
f 263/964/181 262/965/181 261/966/181 260/967/181
f 267/968/182 266/969/182 265/970/182 264/971/182
f 269/972/177 268/973/177 266/974/177 267/975/177
f 271/976/183 270/977/183 268/978/183 269/979/183
f 264/980/184 265/981/184 270/982/184 271/983/184
f 273/984/182 262/985/182 263/986/182 272/987/182
f 274/988/177 261/989/177 262/990/177 273/991/177
f 275/992/183 260/993/183 261/994/183 274/995/183
f 272/996/185 263/997/185 260/998/185 275/999/185
f 279/1000/186 278/1001/186 277/1002/186 276/1003/186
f 281/1004/177 280/1005/177 278/1006/177 279/1007/177
f 283/1008/187 282/1009/187 280/1010/187 281/1011/187
f 276/1012/188 277/1013/188 282/1014/188 283/1015/188
f 266/969/182 273/1016/182 272/1017/182 265/970/182
f 268/973/177 274/988/177 273/1018/177 266/1019/177
f 270/977/183 275/1020/183 274/1021/183 268/978/183
f 265/1022/189 272/1023/189 275/1024/189 270/1025/189
f 278/1026/182 267/968/182 264/971/182 277/1027/182
f 280/1005/177 269/972/177 267/975/177 278/1028/177
f 282/1029/183 271/1030/183 269/1031/183 280/1032/183
f 277/1033/190 264/1034/190 271/1035/190 282/1036/190
f 258/1037/191 279/1038/191 276/1039/191 254/1040/191
f 259/948/177 281/1004/177 279/1007/177 258/1041/177
f 253/1042/192 283/1043/192 281/1044/192 259/1045/192
f 254/1046/193 276/1047/193 283/1048/193 253/1049/193
f 287/1050/176 286/1051/176 285/1052/176 284/1053/176
f 291/1054/177 290/1055/177 289/1056/177 288/1057/177
f 285/1058/178 291/1059/178 288/1060/178 284/1061/178
f 289/1062/179 290/1063/179 286/1064/179 287/1065/179
f 288/1066/180 289/1067/180 287/1068/180 284/1069/180
f 295/1070/181 294/1071/181 293/1072/181 292/1073/181
f 299/1074/182 298/1075/182 297/1076/182 296/1077/182
f 301/1078/177 300/1079/177 298/1080/177 299/1081/177
f 303/1082/183 302/1083/183 300/1084/183 301/1085/183
f 296/1086/184 297/1087/184 302/1088/184 303/1089/184
f 305/1090/182 294/1091/182 295/1092/182 304/1093/182
f 306/1094/177 293/1095/177 294/1096/177 305/1097/177
f 307/1098/183 292/1099/183 293/1100/183 306/1101/183
f 304/1102/185 295/1103/185 292/1104/185 307/1105/185
f 311/1106/186 310/1107/186 309/1108/186 308/1109/186
f 313/1110/177 312/1111/177 310/1112/177 311/1113/177
f 315/1114/187 314/1115/187 312/1116/187 313/1117/187
f 308/1118/188 309/1119/188 314/1120/188 315/1121/188
f 298/1075/182 305/1122/182 304/1123/182 297/1076/182
f 300/1124/177 306/1094/177 305/1125/177 298/1080/177
f 302/1083/183 307/1126/183 306/1127/183 300/1084/183
f 297/1128/189 304/1129/189 307/1130/189 302/1131/189
f 310/1132/182 299/1074/182 296/1077/182 309/1133/182
f 312/1111/177 301/1078/177 299/1081/177 310/1112/177
f 314/1134/183 303/1135/183 301/1085/183 312/1136/183
f 309/1137/190 296/1138/190 303/1139/190 314/1140/190
f 290/1141/191 311/1142/191 308/1143/191 286/1144/191
f 291/1145/177 313/1110/177 311/1113/177 290/1055/177
f 285/1146/192 315/1147/192 313/1148/192 291/1149/192
f 286/1150/193 308/1151/193 315/1152/193 285/1153/193
o group732647983.002
v 0.249757 0.054950 0.037846
v 0.273751 0.052271 -0.027242
v 0.275173 -0.042363 -0.022822
v 0.251179 -0.039684 0.042266
v 0.255769 0.050616 -0.056885
v 0.252164 0.050285 -0.062827
v 0.237786 0.048962 -0.086528
v 0.239209 -0.045672 -0.082109
v 0.168946 0.047514 -0.095370
v 0.170368 -0.047120 -0.090951
v 0.148651 0.048126 -0.075733
v 0.144006 0.048266 -0.071239
v 0.119067 0.049018 -0.047109
v 0.120489 -0.045616 -0.042689
v 0.125710 0.052341 0.021914
v 0.127132 -0.042293 0.026334
v 0.183872 0.054981 0.059723
v 0.185295 -0.039653 0.064142
v 0.124823 0.111366 0.019158
v 0.182985 0.114005 0.056966
v 0.260197 -0.052619 -0.020887
v 0.240761 -0.050449 0.031834
v 0.118180 0.108042 -0.049865
v 0.143119 0.107290 -0.073996
v 0.237671 0.056663 -0.086888
v 0.168830 0.055193 -0.095729
v 0.252090 0.057688 -0.063112
v 0.248870 0.113974 0.035090
v 0.272864 0.111295 -0.029998
v 0.124063 0.161900 0.016798
v 0.182226 0.164540 0.054607
v 0.117420 0.158577 -0.052225
v 0.147793 0.107149 -0.078518
v 0.168058 0.106538 -0.098127
v 0.167299 0.157073 -0.100487
v 0.236899 0.107986 -0.089285
v 0.236140 0.158521 -0.091645
v 0.251571 0.109336 -0.065100
v 0.254882 0.109641 -0.059642
v 0.272104 0.161830 -0.032358
v 0.248110 0.164509 0.032730
v 0.136765 0.181511 0.007998
v 0.183877 0.183649 0.038623
v 0.131384 0.178819 -0.047910
v 0.171786 0.177601 -0.087002
v 0.227547 0.178773 -0.079840
v 0.256678 0.181454 -0.031818
v 0.237243 0.183624 0.020903
v 0.151634 0.191272 -0.001566
v 0.185978 0.192830 0.020760
v 0.147711 0.189309 -0.042323
v 0.177164 0.188421 -0.070821
v 0.217814 0.189276 -0.065600
v 0.239050 0.191230 -0.030592
v 0.224882 0.192812 0.007842
v 0.151334 0.211192 -0.002496
v 0.185679 0.212750 0.019829
v 0.147412 0.209229 -0.043254
v 0.176865 0.208341 -0.071752
v 0.217514 0.209196 -0.066531
v 0.238751 0.211150 -0.031522
v 0.224583 0.212732 0.006911
v 0.159010 0.211090 -0.007147
v 0.186829 0.212352 0.010937
v 0.155833 0.209500 -0.040160
v 0.179690 0.208781 -0.063244
v 0.212616 0.209473 -0.059015
v 0.229818 0.211056 -0.030658
v 0.218341 0.212337 0.000473
v 0.159310 0.191170 -0.006217
v 0.187129 0.192432 0.011867
v 0.156132 0.189580 -0.039230
v 0.179989 0.188861 -0.062314
v 0.212915 0.189553 -0.058085
v 0.230117 0.191136 -0.029728
v 0.218641 0.192417 0.001404
v 0.144272 0.181411 0.003450
v 0.185002 0.183260 0.029926
v 0.139620 0.179084 -0.044885
v 0.174549 0.178031 -0.078681
v 0.222757 0.179044 -0.072490
v 0.247942 0.181362 -0.030973
v 0.231139 0.183238 0.014607
v 0.128713 0.161702 0.013988
v 0.182924 0.164162 0.049228
v 0.122521 0.158604 -0.050345
v 0.169012 0.157202 -0.095328
v 0.233176 0.158551 -0.087087
v 0.266697 0.161636 -0.031828
v 0.244333 0.164133 0.028838
v 0.131705 -0.037360 0.023285
v 0.185916 -0.034900 0.058525
v 0.231065 -0.055299 -0.068910
v 0.175304 -0.056472 -0.076071
v 0.134903 -0.055254 -0.036979
v 0.140283 -0.052562 0.018929
v 0.187395 -0.050424 0.049554
v 0.125513 -0.040457 -0.041049
v 0.172004 -0.041859 -0.086032
v 0.236168 -0.040510 -0.077791
v 0.269689 -0.037425 -0.022531
v 0.247325 -0.034929 0.038135
v 0.149136 -0.047549 0.013280
v 0.188656 -0.045756 0.038969
v 0.144622 -0.049807 -0.033620
v 0.178514 -0.050829 -0.066412
v 0.225289 -0.049846 -0.060405
v 0.249726 -0.047597 -0.020121
v 0.233423 -0.045777 0.024105
v 0.148546 0.055312 -0.076072
v 0.147930 0.097750 -0.078075
v 0.237030 0.099312 -0.088880
v 0.168182 0.098337 -0.097744
v 0.237045 0.098287 -0.088832
v 0.168200 0.097152 -0.097688
v 0.251668 0.099632 -0.064726
v 0.233777 0.206825 0.011036
v 0.248211 0.205745 -0.035785
v 0.248359 0.201043 -0.035631
v 0.233925 0.202124 0.011190
v 0.220615 0.203551 -0.076224
v 0.220763 0.198849 -0.076070
v 0.171769 0.201895 -0.079830
v 0.171917 0.197194 -0.079676
v 0.138455 0.202025 -0.043888
v 0.138603 0.197323 -0.043734
v 0.145759 0.203842 0.004538
v 0.145907 0.199141 0.004692
v 0.188182 0.205978 0.028981
v 0.188330 0.201277 0.029135
v 0.150129 0.213237 0.001046
v 0.188309 0.215160 0.023045
v 0.143555 0.211602 -0.042537
v 0.173537 0.211485 -0.074885
v 0.217499 0.212975 -0.071639
v 0.242335 0.214950 -0.035244
v 0.229344 0.215922 0.006895
v 0.149834 0.222590 0.000740
v 0.188014 0.224513 0.022739
v 0.143260 0.220955 -0.042843
v 0.173243 0.220838 -0.075191
v 0.217204 0.222328 -0.071946
v 0.242041 0.224303 -0.035550
v 0.229050 0.225275 0.006588
v 0.156365 0.219405 -0.005972
v 0.151120 0.217195 -0.041242
v 0.175434 0.217150 -0.067418
v 0.210998 0.219304 -0.064789
v 0.231032 0.222035 -0.035335
v 0.220449 0.223287 -0.001235
v 0.187219 0.222117 0.011832
vn 0.9383 0.0302 0.3446
vn 0.8552 -0.0113 -0.5182
vn 0.1282 -0.0443 -0.9908
vn -0.6954 -0.0439 -0.7173
vn -0.9953 -0.0105 0.0963
vn -0.5457 0.0309 0.8374
vn 0.3148 0.0490 0.9479
vn 0.5693 -0.7856 0.2422
vn -0.6954 -0.0440 -0.7173
vn -0.4574 0.5935 0.6622
vn -0.8272 0.5594 0.0527
vn -0.5805 0.5319 -0.6165
vn 0.0969 0.5316 -0.8415
vn 0.6949 0.5587 -0.4527
vn 0.7632 0.5929 0.2569
vn 0.2504 0.6083 0.7532
vn -0.3037 0.8614 0.4070
vn -0.5434 0.8394 0.0119
vn -0.3835 0.8215 -0.4219
vn 0.0556 0.8213 -0.5677
vn 0.4433 0.8389 -0.3157
vn 0.4876 0.8611 0.1443
vn 0.1551 0.8711 0.4660
vn -0.0150 0.9988 -0.0466
vn 0.5457 -0.0309 -0.8374
vn 0.9953 0.0105 -0.0963
vn 0.6954 0.0439 0.7173
vn -0.1282 0.0443 0.9908
vn -0.8552 0.0113 0.5182
vn -0.9383 -0.0302 -0.3446
vn -0.3148 -0.0490 -0.9479
vn 0.3014 -0.8640 -0.4033
vn 0.5392 -0.8421 -0.0114
vn 0.3805 -0.8244 0.4190
vn -0.0551 -0.8242 0.5636
vn -0.4396 -0.8416 0.3137
vn -0.4835 -0.8636 -0.1427
vn -0.1538 -0.8736 -0.4618
vn 0.4280 -0.6651 -0.6120
vn 0.7726 -0.6334 -0.0439
vn 0.5427 -0.6077 0.5798
vn -0.0886 -0.6074 0.7894
vn -0.6459 -0.6327 0.4272
vn -0.7096 -0.6645 -0.2342
vn -0.2317 -0.6789 -0.6967
vn 0.5200 -0.8103 -0.2702
vn 0.0882 -0.8299 -0.5509
vn -0.4009 -0.8297 -0.3885
vn -0.5790 -0.8098 0.0947
vn -0.3120 -0.7852 0.5348
vn 0.1990 -0.7745 0.6005
vn 0.0150 -0.9988 0.0466
vn 0.6954 0.0440 0.7173
vn 0.2490 0.8612 -0.4432
vn 0.4650 0.8810 -0.0872
vn 0.3209 0.8971 0.3037
vn -0.0747 0.8973 0.4350
vn -0.4240 0.8815 0.2080
vn -0.4639 0.8615 -0.2065
vn -0.1644 0.8525 -0.4963
vn 0.8552 -0.0113 -0.5181
vn -0.0564 0.9969 -0.0541
vn 0.9551 0.0397 0.2935
vn 0.8258 0.0075 -0.5639
vn 0.0746 -0.0303 -0.9968
vn -0.7327 -0.0453 -0.6790
vn -0.9883 -0.0262 0.1501
vn -0.4997 0.0127 0.8661
vn 0.3652 0.0420 0.9300
vn -0.4541 0.4881 0.7454
vn 0.0314 -0.9990 0.0327
vn -0.8834 0.4540 0.1162
vn -0.6588 0.4372 -0.6122
vn 0.0505 0.4504 -0.8914
vn 0.7106 0.4836 -0.5111
vn 0.8242 0.5119 0.2423
vn 0.3059 0.5139 0.8015
vn 0.1343 0.9395 -0.3152
vn 0.4019 0.9097 -0.1046
vn 0.3505 0.8792 0.3228
vn -0.0710 0.9167 0.3931
vn -0.1995 0.9764 0.0832
vn -0.1800 0.9800 -0.0843
vn -0.0966 0.9788 -0.1807
vn 0.0396 0.9753 -0.2172
vn -0.3135 0.9412 0.1259
vt 0.139878 0.054848
vt 0.135685 0.060381
vt 0.143236 0.066104
vt 0.147429 0.060571
vt -0.034443 0.143673
vt -0.040719 0.140706
vt -0.044769 0.149272
vt -0.042260 0.150458
vt -0.041631 0.150756
vt -0.038493 0.152239
vt -0.128290 0.066738
vt -0.131511 0.060588
vt -0.139904 0.064985
vt -0.136683 0.071134
vt -0.141158 0.042187
vt -0.144381 0.036039
vt -0.152773 0.040437
vt -0.151161 0.043512
vt -0.150861 0.044084
vt -0.149550 0.046586
vt -0.090558 0.117225
vt -0.096841 0.114272
vt -0.100871 0.122848
vt -0.094588 0.125800
vt 0.109747 0.094622
vt 0.105559 0.100158
vt 0.113115 0.105874
vt 0.117303 0.100338
vt 0.140666 0.040773
vt 0.137703 0.047050
vt 0.146271 0.051095
vt 0.149234 0.044817
vt 0.117827 0.109440
vt 0.122016 0.103903
vt 0.117303 0.100338
vt 0.113115 0.105874
vt 0.085994 0.054592
vt 0.081354 0.057769
vt 0.081772 0.059546
vt 0.087499 0.055624
vt -0.103384 0.128196
vt -0.097101 0.131149
vt -0.094588 0.125800
vt -0.100871 0.122848
vt -0.158007 0.043181
vt -0.156395 0.046255
vt -0.151161 0.043512
vt -0.152773 0.040437
vt 0.147946 0.069673
vt 0.152139 0.064140
vt 0.147429 0.060571
vt 0.143236 0.066104
vt 0.151615 0.053618
vt 0.154578 0.047340
vt 0.149234 0.044817
vt 0.146270 0.051095
vt 0.121863 0.112492
vt 0.126051 0.106956
vt 0.122016 0.103903
vt 0.117828 0.109439
vt -0.105536 0.132775
vt -0.099253 0.135728
vt -0.097101 0.131149
vt -0.103384 0.128196
vt -0.162488 0.045530
vt -0.159265 0.051678
vt -0.154784 0.049329
vt -0.156093 0.046831
vt -0.156395 0.046255
vt -0.158007 0.043181
vt -0.149621 0.070074
vt -0.146400 0.076224
vt -0.141918 0.073876
vt -0.145139 0.067726
vt -0.049458 0.159189
vt -0.043182 0.162156
vt -0.041019 0.157582
vt -0.044157 0.156098
vt -0.044735 0.155825
vt -0.047295 0.154614
vt 0.151979 0.072729
vt 0.156172 0.067196
vt 0.152139 0.064140
vt 0.147946 0.069673
vt 0.156190 0.055778
vt 0.159154 0.049500
vt 0.154578 0.047340
vt 0.151615 0.053618
vt 0.055915 0.100513
vt 0.060415 0.097141
vt 0.059499 0.094819
vt 0.053943 0.098982
vt -0.066495 0.115019
vt -0.061021 0.116307
vt -0.059828 0.114114
vt -0.066585 0.112524
vt -0.138829 0.055785
vt -0.135587 0.060380
vt -0.133239 0.059530
vt -0.137241 0.053858
vt -0.154475 0.017548
vt -0.153600 0.023103
vt -0.151119 0.023380
vt -0.152199 0.016522
vt -0.133895 -0.069731
vt -0.137252 -0.065220
vt -0.135714 -0.063253
vt -0.131569 -0.068823
vt 0.127833 -0.046239
vt 0.127324 -0.051839
vt 0.124866 -0.052278
vt 0.125494 -0.045365
vt 0.114147 0.026155
vt 0.116180 0.020912
vt 0.114174 0.019427
vt 0.111663 0.025899
vt 0.019461 0.054637
vt 0.022845 0.052323
vt 0.022418 0.050349
vt 0.017776 0.053523
vt -0.052137 0.066609
vt -0.048122 0.067437
vt -0.046998 0.065759
vt -0.052506 0.064624
vt -0.104074 0.030681
vt -0.101751 0.034059
vt -0.099779 0.033627
vt -0.102964 0.028994
vt -0.115917 -0.020744
vt -0.116435 -0.016677
vt -0.114676 -0.015685
vt -0.113965 -0.021263
vt -0.062363 -0.091902
vt -0.066183 -0.090414
vt -0.066214 -0.088395
vt -0.060974 -0.090436
vt 0.049243 -0.074614
vt 0.046989 -0.078038
vt 0.045008 -0.077646
vt 0.048100 -0.072949
vt 0.061459 -0.002773
vt 0.062457 -0.006748
vt 0.060829 -0.007943
vt 0.059460 -0.002489
vt 0.126685 0.114359
vt 0.129158 0.111089
vt 0.127568 0.109886
vt 0.125095 0.113155
vt -0.106364 0.137880
vt -0.102654 0.139624
vt -0.101806 0.137819
vt -0.105516 0.136075
vt -0.166232 0.049097
vt -0.164329 0.052727
vt -0.162563 0.051802
vt -0.164466 0.048171
vt -0.153366 0.073641
vt -0.151464 0.077272
vt -0.149697 0.076346
vt -0.151599 0.072715
vt -0.050297 0.164292
vt -0.046591 0.166044
vt -0.045738 0.164241
vt -0.049444 0.162488
vt 0.156800 0.074599
vt 0.159276 0.071332
vt 0.157686 0.070127
vt 0.155210 0.073395
vt 0.161293 0.056615
vt 0.163043 0.052908
vt 0.161239 0.052057
vt 0.159489 0.055764
vt -0.035449 -0.021344
vt -0.032854 -0.023416
vt -0.033055 -0.024291
vt -0.036258 -0.021733
vt -0.032855 -0.023417
vt -0.029617 -0.022680
vt -0.029058 -0.023382
vt -0.033055 -0.024292
vt -0.029617 -0.022680
vt -0.028174 -0.019689
vt -0.027277 -0.019690
vt -0.029058 -0.023382
vt -0.028174 -0.019689
vt -0.029613 -0.016696
vt -0.029052 -0.015995
vt -0.027276 -0.019689
vt -0.029614 -0.016695
vt -0.032850 -0.015954
vt -0.033049 -0.015079
vt -0.029053 -0.015994
vt -0.032849 -0.015955
vt -0.035447 -0.018023
vt -0.036255 -0.017633
vt -0.033048 -0.015080
vt -0.035446 -0.018024
vt -0.035449 -0.021344
vt -0.036258 -0.021733
vt -0.036255 -0.017634
vt -0.125330 0.112844
vt -0.127334 0.110196
vt -0.128924 0.111400
vt -0.126921 0.114047
vt 0.105163 0.136241
vt 0.102158 0.137653
vt 0.103007 0.139458
vt 0.106012 0.138046
vt 0.164285 0.048516
vt 0.162743 0.051457
vt 0.164510 0.052383
vt 0.166051 0.049442
vt 0.151419 0.073060
vt 0.149878 0.076001
vt 0.151645 0.076927
vt 0.153186 0.073985
vt 0.049093 0.162655
vt 0.046091 0.164074
vt 0.046944 0.165877
vt 0.049946 0.164458
vt -0.155446 0.073084
vt -0.157451 0.070438
vt -0.159041 0.071642
vt -0.157035 0.074289
vt -0.159656 0.055412
vt -0.161073 0.052409
vt -0.162877 0.053260
vt -0.161460 0.056263
vt -0.018003 0.053184
vt -0.022016 0.050440
vt -0.022444 0.052431
vt -0.019703 0.054305
vt 0.052108 0.064619
vt 0.047346 0.065600
vt 0.048481 0.067291
vt 0.051733 0.066621
vt 0.102766 0.029240
vt 0.100014 0.033248
vt 0.102004 0.033680
vt 0.103884 0.030943
vt 0.113984 -0.021285
vt 0.114615 -0.016465
vt 0.116385 -0.017474
vt 0.115953 -0.020766
vt 0.061090 -0.090476
vt 0.065625 -0.088724
vt 0.065586 -0.090760
vt 0.062488 -0.091957
vt -0.047498 -0.073447
vt -0.044806 -0.077496
vt -0.046803 -0.077898
vt -0.048641 -0.075133
vt -0.059409 -0.003006
vt -0.060584 -0.007723
vt -0.062228 -0.006520
vt -0.061425 -0.003298
vt -0.045339 0.089995
vt -0.050584 0.086206
vt -0.051456 0.088786
vt -0.047515 0.091633
vt 0.062934 0.103152
vt 0.056621 0.104570
vt 0.057976 0.106932
vt 0.062719 0.105867
vt 0.130388 0.049984
vt 0.126637 0.055256
vt 0.129223 0.056109
vt 0.132042 0.052148
vt 0.146231 0.006430
vt 0.145633 0.012872
vt 0.148298 0.012312
vt 0.148747 0.007471
vt 0.107795 -0.091035
vt 0.112737 -0.086858
vt 0.113802 -0.089364
vt 0.110089 -0.092502
vt -0.108876 -0.059464
vt -0.107453 -0.065776
vt -0.110168 -0.065563
vt -0.111237 -0.060821
vt -0.101207 0.019064
vt -0.103406 0.012979
vt -0.105580 0.014620
vt -0.103927 0.019192
vt -0.106099 0.100272
vt -0.110003 0.095112
vt -0.125897 0.107136
vt -0.121994 0.112296
vt 0.014866 0.073408
vt 0.009362 0.072254
vt 0.008368 0.073785
vt 0.015162 0.075209
vt -0.049744 0.033414
vt -0.052962 0.028802
vt -0.054735 0.029236
vt -0.050762 0.034929
vt -0.071249 -0.034384
vt -0.070818 -0.039990
vt -0.072465 -0.040778
vt -0.072997 -0.033856
vt -0.010179 -0.104461
vt -0.005032 -0.106726
vt -0.005114 -0.108550
vt -0.011468 -0.105754
vt 0.108236 -0.049064
vt 0.110976 -0.044154
vt 0.112784 -0.044408
vt 0.109401 -0.050469
vt 0.117494 0.009615
vt 0.115974 0.015028
vt 0.117434 0.016124
vt 0.119311 0.009440
vt 0.037841 -0.022494
vt 0.033447 -0.026003
vt 0.027964 -0.024755
vt 0.025521 -0.019691
vt 0.027957 -0.014623
vt 0.033439 -0.013368
vt 0.037837 -0.016871
vt 0.096840 0.114826
vt 0.090984 0.117578
vt 0.099460 0.135615
vt 0.105316 0.132863
vt 0.144714 0.036480
vt 0.141710 0.042211
vt 0.159362 0.051463
vt 0.162366 0.045732
vt 0.131844 0.061029
vt 0.128842 0.066761
vt 0.146497 0.076009
vt 0.149499 0.070277
vt 0.040719 0.141259
vt 0.034870 0.144025
vt 0.043388 0.162043
vt 0.049238 0.159277
vt -0.136226 0.060495
vt -0.140134 0.055338
vt -0.156018 0.067375
vt -0.152110 0.072532
vt -0.138255 0.047051
vt -0.141017 0.041199
vt -0.159040 0.049707
vt -0.156278 0.055559
vt -0.093163 -0.049747
vt -0.090370 -0.053548
vt -0.091524 -0.055484
vt -0.095355 -0.050270
vt -0.007759 -0.091962
vt -0.003311 -0.090392
vt -0.001793 -0.092057
vt -0.007894 -0.094211
vt 0.049208 -0.042919
vt 0.050004 -0.038270
vt 0.052198 -0.037756
vt 0.051106 -0.044134
vt 0.037285 0.017584
vt 0.034651 0.021497
vt 0.035883 0.023383
vt 0.039497 0.018016
vt -0.013747 0.054330
vt -0.018367 0.055283
vt -0.018806 0.057493
vt -0.012469 0.056186
vt -0.072545 0.044324
vt -0.076441 0.041665
vt -0.078336 0.042886
vt -0.072991 0.046533
vt -0.102899 0.005604
vt -0.103945 0.001005
vt -0.106163 0.000610
vt -0.104728 0.006920
vt -0.036897 -0.017324
vt -0.033207 -0.014386
vt -0.028609 -0.015439
vt -0.026565 -0.019690
vt -0.028615 -0.023938
vt -0.033214 -0.024985
vt -0.036900 -0.022041
vt -0.044157 0.156098
vt -0.041019 0.157582
vt -0.038493 0.152239
vt -0.041631 0.150756
vt -0.140585 0.065341
vt -0.137366 0.071492
vt -0.136683 0.071134
vt -0.139904 0.064985
vt -0.045098 0.149969
vt -0.042570 0.151131
vt -0.042260 0.150458
vt -0.044769 0.149272
vt -0.156395 0.046255
vt -0.156093 0.046831
vt -0.155260 0.046394
vt -0.151498 0.044418
vt -0.150861 0.044084
vt -0.151161 0.043511
vt -0.144412 0.067346
vt -0.145139 0.067727
vt -0.141918 0.073876
vt -0.141148 0.073473
vt -0.151498 0.044419
vt -0.150231 0.046943
vt -0.150861 0.044084
vt -0.042570 0.151131
vt -0.044327 0.154943
vt -0.044734 0.155825
vt -0.044156 0.156098
vt -0.041630 0.150756
vt -0.042259 0.150458
vt -0.046880 0.153737
vt -0.046924 0.153829
vt -0.044735 0.155825
vt -0.044328 0.154943
vt -0.155260 0.046394
vt -0.156093 0.046831
vt -0.154784 0.049329
vt -0.154057 0.048948
vt -0.153951 0.048893
vt -0.140585 0.065341
vt -0.144306 0.067291
vt -0.144412 0.067346
vt -0.141148 0.073473
vt -0.141058 0.073426
vt -0.137366 0.071492
vt -0.045098 0.149969
vt -0.046880 0.153737
vt -0.044328 0.154943
vt -0.042570 0.151131
vt -0.151498 0.044418
vt -0.155260 0.046394
vt -0.153951 0.048893
vt -0.150231 0.046943
vt -0.038955 -0.011102
vt -0.036030 -0.009051
vt -0.032602 -0.010059
vt -0.031253 -0.013367
vt -0.032999 -0.016484
vt -0.036524 -0.017063
vt -0.039175 -0.014668
vt 0.156859 0.074078
vt 0.153875 0.077965
vt 0.154248 0.078251
vt 0.157233 0.074364
vt -0.064438 0.159180
vt -0.068629 0.156639
vt -0.068872 0.157042
vt -0.064682 0.159582
vt -0.152814 0.073402
vt -0.154956 0.068994
vt -0.155379 0.069200
vt -0.153237 0.073608
vt -0.163060 0.053420
vt -0.165287 0.049055
vt -0.165706 0.049269
vt -0.163479 0.053634
vt -0.089494 0.147165
vt -0.094065 0.145399
vt -0.094235 0.145838
vt -0.089664 0.147604
vt 0.135037 0.102940
vt 0.132291 0.107000
vt 0.132681 0.107264
vt 0.135427 0.103204
vt 0.162995 0.050836
vt 0.160990 0.055308
vt 0.161419 0.055501
vt 0.163424 0.051029
vt 0.076902 0.108839
vt 0.080211 0.105923
vt 0.079691 0.104961
vt 0.076014 0.108201
vt 0.035743 -0.018527
vt 0.032070 -0.021772
vt 0.027243 -0.020924
vt 0.024897 -0.016622
vt 0.026798 -0.012105
vt 0.031514 -0.010774
vt 0.035495 -0.013632
vt -0.062476 0.133165
vt -0.058151 0.134031
vt -0.057702 0.133034
vt -0.062507 0.132072
vt -0.146173 0.065385
vt -0.143622 0.068984
vt -0.142611 0.068568
vt -0.145445 0.064569
vt -0.161615 0.030970
vt -0.160643 0.035272
vt -0.159550 0.035276
vt -0.160630 0.030496
vt -0.160325 -0.015599
vt -0.161368 -0.011314
vt -0.160390 -0.010824
vt -0.159231 -0.015585
vt 0.146136 -0.030720
vt 0.146179 -0.035131
vt 0.145116 -0.035386
vt 0.145068 -0.030486
vt 0.130951 0.031746
vt 0.132481 0.027609
vt 0.131567 0.027009
vt 0.129867 0.031606
vt 0.134370 0.108109
vt 0.136841 0.104456
vt 0.136066 0.103931
vt 0.133595 0.107585
vt -0.094681 0.147673
vt -0.090567 0.149262
vt -0.090230 0.148389
vt -0.094344 0.146800
vt -0.167263 0.050338
vt -0.165258 0.054267
vt -0.164424 0.053842
vt -0.166429 0.049913
vt -0.156956 0.070238
vt -0.155029 0.074205
vt -0.154187 0.073796
vt -0.156114 0.069829
vt -0.069634 0.158770
vt -0.065862 0.161056
vt -0.065377 0.160256
vt -0.069149 0.157969
vt 0.155882 0.079197
vt 0.158568 0.075699
vt 0.157826 0.075129
vt 0.155140 0.078627
vt 0.163228 0.056043
vt 0.165033 0.052019
vt 0.164179 0.051636
vt 0.162374 0.055660
vt -0.075516 -0.050757
vt -0.076113 -0.051546
vt -0.078963 -0.048181
vt -0.014519 -0.094047
vt -0.011055 -0.093175
vt -0.010605 -0.093936
vt -0.014895 -0.094961
vt 0.067885 -0.045111
vt 0.068599 -0.041610
vt 0.069449 -0.041355
vt 0.068567 -0.045676
vt 0.040610 0.019939
vt 0.038837 0.023040
vt 0.039244 0.023946
vt 0.041473 0.020140
vt -0.021830 0.021394
vt -0.022183 0.022462
vt -0.017917 0.021341
vt -0.047275 0.010627
vt -0.050250 0.008649
vt -0.051257 0.009262
vt -0.047586 0.011707
vt -0.062005 -0.007590
vt -0.062427 -0.011137
vt -0.063530 -0.011326
vt -0.062994 -0.006948
vt -0.064021 -0.034206
vt -0.062918 -0.034017
vt -0.060436 -0.036587
vt -0.017636 0.042943
vt -0.018100 0.042063
vt -0.021550 0.042994
s 0
usemtl mat24
f 319/1154/194 318/1155/194 317/1156/194 316/1157/194
f 318/1158/195 323/1159/195 322/1160/195 321/1161/195 320/1162/195 317/1163/195
f 323/1164/196 325/1165/196 324/1166/196 322/1167/196
f 325/1168/197 329/1169/197 328/1170/197 327/1171/197 326/1172/197 324/1173/197
f 329/1174/198 331/1175/198 330/1176/198 328/1177/198
f 331/1178/199 333/1179/199 332/1180/199 330/1181/199
f 333/1182/200 319/1183/200 316/1184/200 332/1185/200
f 335/1186/199 334/1187/199 330/1188/199 332/1189/199
f 337/1190/201 336/1191/201 318/1192/201 319/1193/201
f 334/1194/198 338/1195/198 328/1196/198 330/1197/198
f 338/1198/202 339/1199/202 327/1200/202 328/1201/202
f 344/1202/194 343/1203/194 316/1204/194 317/1205/194
f 343/1206/200 335/1207/200 332/1208/200 316/1209/200
f 346/1210/199 345/1211/199 334/1212/199 335/1213/199
f 345/1214/198 347/1215/198 338/1216/198 334/1217/198
f 347/1218/197 350/1219/197 349/1220/197 348/1221/197 339/1222/197 338/1223/197
f 350/1224/196 352/1225/196 351/1226/196 349/1227/196
f 352/1228/195 355/1229/195 344/1230/195 354/1231/195 353/1232/195 351/1233/195
f 355/1234/194 356/1235/194 343/1236/194 344/1237/194
f 356/1238/200 346/1239/200 335/1240/200 343/1241/200
f 358/1242/203 357/1243/203 345/1244/203 346/1245/203
f 357/1246/204 359/1247/204 347/1248/204 345/1249/204
f 359/1250/205 360/1251/205 350/1252/205 347/1253/205
f 360/1254/206 361/1255/206 352/1256/206 350/1257/206
f 361/1258/207 362/1259/207 355/1260/207 352/1261/207
f 362/1262/208 363/1263/208 356/1264/208 355/1265/208
f 363/1266/209 358/1267/209 346/1268/209 356/1269/209
f 365/1270/210 364/1271/210 357/1272/210 358/1273/210
f 364/1274/211 366/1275/211 359/1276/211 357/1277/211
f 366/1278/212 367/1279/212 360/1280/212 359/1281/212
f 367/1282/213 368/1283/213 361/1284/213 360/1285/213
f 368/1286/214 369/1287/214 362/1288/214 361/1289/214
f 369/1290/215 370/1291/215 363/1292/215 362/1293/215
f 370/1294/216 365/1295/216 358/1296/216 363/1297/216
f 372/1298/199 371/1299/199 364/1300/199 365/1301/199
f 371/1302/198 373/1303/198 366/1304/198 364/1305/198
f 373/1306/197 374/1307/197 367/1308/197 366/1309/197
f 374/1310/196 375/1311/196 368/1312/196 367/1313/196
f 375/1314/195 376/1315/195 369/1316/195 368/1317/195
f 376/1318/194 377/1319/194 370/1320/194 369/1321/194
f 377/1322/200 372/1323/200 365/1324/200 370/1325/200
f 379/1326/217 378/1327/217 371/1328/217 372/1329/217
f 378/1330/217 380/1331/217 373/1332/217 371/1333/217
f 380/1334/217 381/1335/217 374/1336/217 373/1337/217
f 381/1338/217 382/1339/217 375/1340/217 374/1341/217
f 382/1342/217 383/1343/217 376/1344/217 375/1345/217
f 383/1346/217 384/1347/217 377/1348/217 376/1349/217
f 384/1350/217 379/1351/217 372/1352/217 377/1353/217
f 386/1354/218 385/1355/218 378/1356/218 379/1357/218
f 385/1358/219 387/1359/219 380/1360/219 378/1361/219
f 387/1362/220 388/1363/220 381/1364/220 380/1365/220
f 388/1366/221 389/1367/221 382/1368/221 381/1369/221
f 389/1370/222 390/1371/222 383/1372/222 382/1373/222
f 390/1374/223 391/1375/223 384/1376/223 383/1377/223
f 391/1378/224 386/1379/224 379/1380/224 384/1381/224
f 393/1382/225 392/1383/225 385/1384/225 386/1385/225
f 392/1386/226 394/1387/226 387/1388/226 385/1389/226
f 394/1390/227 395/1391/227 388/1392/227 387/1393/227
f 395/1394/228 396/1395/228 389/1396/228 388/1397/228
f 396/1398/229 397/1399/229 390/1400/229 389/1401/229
f 397/1402/230 398/1403/230 391/1404/230 390/1405/230
f 398/1406/231 393/1407/231 386/1408/231 391/1409/231
f 400/1410/232 399/1411/232 392/1412/232 393/1413/232
f 399/1414/233 401/1415/233 394/1416/233 392/1417/233
f 401/1418/234 402/1419/234 395/1420/234 394/1421/234
f 402/1422/235 403/1423/235 396/1424/235 395/1425/235
f 403/1426/236 404/1427/236 397/1428/236 396/1429/236
f 404/1430/237 405/1431/237 398/1432/237 397/1433/237
f 405/1434/238 400/1435/238 393/1436/238 398/1437/238
f 407/1438/218 406/1439/218 399/1440/218 400/1441/218
f 336/1442/239 408/1443/239 323/1444/239 318/1445/239
f 408/1446/240 409/1447/240 325/1448/240 323/1449/240
f 409/1450/241 410/1451/241 329/1452/241 325/1453/241
f 410/1454/242 411/1455/242 331/1456/242 329/1457/242
f 411/1458/243 412/1459/243 333/1460/243 331/1461/243
f 412/1462/244 337/1463/244 319/1464/244 333/1465/244
f 412/1466/245 411/1467/245 410/1468/245 409/1469/245 408/1470/245 336/1471/245 337/1472/245
f 406/1473/219 413/1474/219 401/1475/219 399/1476/219
f 413/1477/246 414/1478/246 402/1479/246 401/1480/246
f 414/1481/221 415/1482/221 403/1483/221 402/1484/221
f 415/1485/222 416/1486/222 404/1487/222 403/1488/222
f 416/1489/223 417/1490/223 405/1491/223 404/1492/223
f 417/1493/224 407/1494/224 400/1495/224 405/1496/224
f 419/1497/247 418/1498/247 406/1499/247 407/1500/247
f 418/1501/248 420/1502/248 413/1503/248 406/1504/248
f 420/1505/249 421/1506/249 414/1507/249 413/1508/249
f 421/1509/250 422/1510/250 415/1511/250 414/1512/250
f 422/1513/251 423/1514/251 416/1515/251 415/1516/251
f 423/1517/252 424/1518/252 417/1519/252 416/1520/252
f 424/1521/253 419/1522/253 407/1523/253 417/1524/253
f 424/1525/217 423/1526/217 422/1527/217 421/1528/217 420/1529/217 418/1530/217 419/1531/217
f 354/1532/195 344/1533/195 317/1534/195 320/1535/195
usemtl mat18
f 341/1536/196 340/1537/196 322/1538/196 324/1539/196
f 340/1540/195 342/1541/195 321/1542/195 322/1543/195
f 339/1544/202 348/1545/202 426/1546/202 425/1547/202 326/1548/202 327/1549/202
f 428/1550/196 349/1551/196 351/1552/196 427/1553/196
f 425/1554/197 341/1555/197 324/1173/197 326/1556/197
f 342/1557/254 431/1558/254 353/1559/254 354/1560/254 320/1561/254 321/1562/254
f 429/1563/195 427/1564/195 351/1233/195 353/1565/195 431/1566/195
f 426/1567/197 348/1568/197 349/1569/197 428/1570/197 430/1571/197
usemtl mat15
f 341/1572/196 430/1573/196 428/1574/196 427/1575/196 429/1576/196 340/1577/196
f 340/1578/195 429/1579/195 431/1580/195 342/1581/195
f 425/1582/202 426/1583/202 430/1584/202 341/1585/202
f 465/1586/255 464/1587/255 463/1588/255 462/1589/255 461/1590/255 460/1591/255 466/1592/255
usemtl mat19
f 435/1593/256 434/1594/256 433/1595/256 432/1596/256
f 434/1597/257 437/1598/257 436/1599/257 433/1600/257
f 437/1601/258 439/1602/258 438/1603/258 436/1604/258
f 439/1605/259 441/1606/259 440/1607/259 438/1608/259
f 441/1609/260 443/1610/260 442/1611/260 440/1612/260
f 443/1613/261 445/1614/261 444/1615/261 442/1616/261
f 445/1617/262 435/1618/262 432/1619/262 444/1620/262
f 447/1621/263 446/1622/263 442/1623/263 444/1624/263
f 445/1625/264 443/1626/264 441/1627/264 439/1628/264 437/1629/264 434/1630/264 435/1631/264
f 446/1632/265 448/1633/265 440/1634/265 442/1635/265
f 448/1636/266 449/1637/266 438/1638/266 440/1639/266
f 449/1640/267 450/1641/267 436/1642/267 438/1643/267
f 450/1644/268 451/1645/268 433/1646/268 436/1647/268
f 451/1648/269 452/1649/269 432/1650/269 433/1651/269
f 452/1652/270 447/1653/270 444/1654/270 432/1655/270
f 454/1656/261 453/1657/261 446/1658/261 447/1659/261
f 453/1660/260 455/1661/260 448/1662/260 446/1663/260
f 455/1664/259 456/1665/259 449/1666/259 448/1667/259
f 456/1668/258 457/1669/258 450/1670/258 449/1671/258
f 457/1672/257 458/1673/257 451/1674/257 450/1675/257
f 458/1676/256 459/1677/256 452/1678/256 451/1679/256
f 459/1680/262 454/1681/262 447/1682/262 452/1683/262
f 460/1684/271 453/1685/271 454/1686/271
f 460/1687/272 461/1688/272 455/1689/272 453/1690/272
f 461/1691/273 462/1692/273 456/1693/273 455/1694/273
f 462/1695/274 463/1696/274 457/1697/274 456/1698/274
f 464/1699/275 458/1700/275 457/1701/275
f 464/1702/276 465/1703/276 459/1704/276 458/1705/276
f 465/1706/277 466/1707/277 454/1708/277 459/1709/277
f 454/1710/278 466/1711/278 460/1712/278
f 457/1713/279 463/1714/279 464/1715/279
o group732647983.003
v -0.336003 -0.046160 0.047371
v -0.365101 -0.044235 -0.012596
v -0.387202 0.004649 -0.008089
v -0.351994 0.002320 0.064471
v -0.277198 -0.047474 0.078782
v -0.211146 -0.047674 0.069638
v -0.220171 -0.058446 0.050876
v -0.273673 -0.058284 0.058283
v -0.353377 -0.042434 -0.078215
v -0.373016 0.006827 -0.087487
v -0.305309 -0.041446 -0.124420
v -0.314853 0.008024 -0.143396
v -0.239257 -0.041647 -0.133564
v -0.234931 0.007781 -0.154460
v -0.180451 -0.042960 -0.102153
v -0.163776 0.006191 -0.116453
v -0.151353 -0.044885 -0.042186
v -0.128567 0.003863 -0.043892
v -0.163078 -0.046686 0.023433
v -0.142754 0.001684 0.035506
v -0.200916 0.000488 0.091415
v -0.280839 0.000731 0.102479
v -0.382208 0.017412 -0.008401
v -0.348335 0.015172 0.061407
v -0.181236 -0.057645 0.013450
v -0.171739 -0.056187 -0.039701
v -0.195308 -0.054628 -0.088275
v -0.242941 -0.053564 -0.113717
v -0.296443 -0.053401 -0.106311
v -0.335378 -0.054202 -0.068885
v -0.344875 -0.055660 -0.015734
v -0.321306 -0.057220 0.032840
v -0.368560 0.019508 -0.084788
v -0.312603 0.020659 -0.138576
v -0.235712 0.020425 -0.149220
v -0.167256 0.018896 -0.112655
v -0.133383 0.016656 -0.042846
v -0.147031 0.014560 0.033540
v -0.202988 0.013409 0.087329
v -0.279879 0.013643 0.097973
v -0.333664 0.066699 0.049121
v -0.362183 0.068586 -0.009653
v -0.333645 0.090035 -0.012965
v -0.312855 0.088660 0.029881
v -0.350692 0.070350 -0.073966
v -0.325269 0.091322 -0.059849
v -0.303580 0.071320 -0.119252
v -0.290924 0.092028 -0.092862
v -0.238843 0.071123 -0.128214
v -0.243731 0.091885 -0.099395
v -0.181208 0.069835 -0.097428
v -0.201714 0.090946 -0.076953
v -0.152689 0.067949 -0.038654
v -0.180924 0.089571 -0.034106
v -0.164180 0.066184 0.025659
v -0.189301 0.088284 0.012777
v -0.211291 0.065215 0.070945
v -0.223645 0.087578 0.045791
v -0.276029 0.065412 0.079906
v -0.270839 0.087721 0.052324
v -0.349609 0.100337 -0.010451
v -0.324453 0.098673 0.041393
v -0.339473 0.101894 -0.067181
v -0.297917 0.102749 -0.107127
v -0.240812 0.102575 -0.115032
v -0.189973 0.101440 -0.087876
v -0.164816 0.099776 -0.036032
v -0.174953 0.098219 0.020697
v -0.216509 0.097364 0.060644
v -0.273613 0.097538 0.068549
v -0.349534 0.111105 -0.010142
v -0.324378 0.109441 0.041702
v -0.339398 0.112662 -0.066872
v -0.297841 0.113517 -0.106818
v -0.240737 0.113343 -0.114723
v -0.189897 0.112207 -0.087567
v -0.164741 0.110543 -0.035723
v -0.174877 0.108987 0.021006
v -0.216434 0.108132 0.060953
v -0.273538 0.108306 0.068858
v -0.331903 0.121820 -0.012263
v -0.311526 0.120472 0.029730
v -0.323693 0.123080 -0.058214
v -0.290032 0.123773 -0.090571
v -0.243777 0.123632 -0.096974
v -0.202597 0.122712 -0.074978
v -0.182221 0.121365 -0.032984
v -0.190431 0.120104 0.012967
v -0.224092 0.119411 0.045323
v -0.270346 0.119552 0.051727
v -0.317910 0.089473 -0.015159
v -0.301405 0.088381 0.018856
v -0.311259 0.090494 -0.052379
v -0.283994 0.091055 -0.078588
v -0.246528 0.090941 -0.083774
v -0.213172 0.090196 -0.065957
v -0.196667 0.089104 -0.031942
v -0.203317 0.088083 0.005278
v -0.230583 0.087522 0.031487
v -0.268049 0.087636 0.036673
v -0.346194 0.068104 -0.011880
v -0.322029 0.066505 0.037921
v -0.336458 0.069599 -0.066374
v -0.296539 0.070420 -0.104746
v -0.241685 0.070253 -0.112340
v -0.192848 0.069162 -0.086254
v -0.168683 0.067564 -0.036453
v -0.178420 0.066069 0.018041
v -0.218339 0.065247 0.056414
v -0.273193 0.065414 0.064007
v -0.376021 0.004263 -0.009647
v -0.343857 0.002135 0.056638
v -0.363061 0.006253 -0.082179
v -0.309929 0.007346 -0.133253
v -0.236918 0.007124 -0.143360
v -0.171917 0.005672 -0.108639
v -0.139753 0.003545 -0.042354
v -0.152713 0.001554 0.030178
v -0.205845 0.000461 0.081251
v -0.278856 0.000683 0.091358
v -0.353878 -0.038958 -0.013993
v -0.327825 -0.040681 0.039698
v -0.343381 -0.037346 -0.072743
v -0.300343 -0.036461 -0.114113
v -0.241205 -0.036641 -0.122299
v -0.188554 -0.037817 -0.094176
v -0.162501 -0.039540 -0.040485
v -0.172998 -0.041152 0.018265
v -0.216036 -0.042037 0.059635
v -0.275174 -0.041858 0.067822
v -0.335769 -0.049267 -0.016804
v -0.314666 -0.050663 0.026686
v -0.327266 -0.047961 -0.064392
v -0.292406 -0.047244 -0.097901
v -0.244504 -0.047390 -0.104532
v -0.201856 -0.048342 -0.081752
v -0.180754 -0.049738 -0.038262
v -0.189257 -0.051044 0.009325
v -0.224117 -0.051761 0.042835
v -0.272019 -0.051615 0.049466
v -0.237980 0.057146 -0.134005
v -0.306068 0.057353 -0.124579
v -0.355618 0.056334 -0.076950
v -0.367704 0.054478 -0.009308
v -0.337709 0.052494 0.052508
v -0.277090 0.051139 0.084887
v -0.209002 0.050932 0.075462
v -0.159452 0.051952 0.027832
v -0.147366 0.053808 -0.039810
v -0.177361 0.055792 -0.101626
vn -0.8260 -0.4092 0.3877
vn 0.0629 -0.8783 0.4740
vn -0.9035 -0.3926 -0.1722
vn -0.6369 -0.3802 -0.6707
vn -0.1281 -0.3766 -0.9175
vn 0.4285 -0.3834 -0.8182
vn 0.8203 -0.3978 -0.4108
vn 0.8978 -0.4144 0.1490
vn 0.6312 -0.4269 0.6476
vn 0.1225 -0.4304 0.8943
vn -0.4341 -0.4236 0.7950
vn -0.8419 0.3397 0.4194
vn 0.3430 -0.8763 0.3381
vn 0.4898 -0.8695 0.0637
vn 0.4472 -0.8604 -0.2446
vn 0.2314 -0.8524 -0.4689
vn -0.0751 -0.8487 -0.5235
vn -0.3552 -0.8506 -0.3877
vn -0.5019 -0.8575 -0.1132
vn -0.4593 -0.8666 0.1950
vn -0.2435 -0.8746 0.4193
vn -0.0070 -0.9996 -0.0287
vn -0.9213 0.3567 -0.1548
vn -0.6479 0.3695 -0.6661
vn -0.1261 0.3731 -0.9192
vn 0.4448 0.3662 -0.8174
vn 0.8467 0.3513 -0.3996
vn 0.9261 0.3343 0.1747
vn 0.6527 0.3216 0.6859
vn 0.1310 0.3180 0.9390
vn -0.4399 0.3249 0.8372
vn -0.5525 0.7803 0.2931
vn -0.6050 0.7915 -0.0864
vn -0.4243 0.8000 -0.4243
vn -0.0794 0.8024 -0.5915
vn 0.2978 0.7978 -0.5242
vn 0.5635 0.7880 -0.2481
vn 0.6160 0.7767 0.1314
vn 0.4353 0.7683 0.4693
vn 0.0904 0.7659 0.6365
vn -0.2868 0.7705 0.5692
vn -0.5047 -0.8353 0.2181
vn -0.5516 -0.8252 -0.1212
vn -0.3901 -0.8177 -0.4233
vn -0.0818 -0.8156 -0.5729
vn 0.2555 -0.8197 -0.5127
vn 0.4930 -0.8284 -0.2658
vn 0.5400 -0.8385 0.0735
vn 0.3784 -0.8460 0.3756
vn 0.0701 -0.8481 0.5251
vn -0.2672 -0.8440 0.4650
vn -0.8997 -0.0062 0.4364
vn -0.9844 0.0119 -0.1756
vn -0.6930 0.0255 -0.7204
vn -0.1370 0.0294 -0.9901
vn 0.4714 0.0220 -0.8816
vn 0.8997 0.0062 -0.4364
vn 0.9844 -0.0119 0.1756
vn 0.6930 -0.0255 0.7204
vn 0.1370 -0.0294 0.9901
vn -0.4714 -0.0220 0.8816
vn -0.4786 0.8389 0.2592
vn -0.5242 0.8487 -0.0704
vn -0.3673 0.8560 -0.3638
vn -0.0679 0.8581 -0.5090
vn 0.2598 0.8541 -0.4506
vn 0.4904 0.8456 -0.2108
vn 0.5360 0.8358 0.1187
vn 0.3791 0.8285 0.4121
vn 0.0797 0.8264 0.5574
vn -0.2480 0.8304 0.4989
vn 0.8315 0.3947 -0.3908
vn 0.9095 0.3780 0.1729
vn 0.6411 0.3655 0.6748
vn 0.1289 0.3619 0.9232
vn -0.4315 0.3687 0.8233
vn -0.8261 0.3833 0.4131
vn -0.9041 0.4000 -0.1506
vn -0.6357 0.4125 -0.6525
vn -0.1235 0.4160 -0.9009
vn 0.4370 0.4092 -0.8010
vn 0.5542 -0.7787 -0.2939
vn 0.6069 -0.7900 0.0868
vn 0.4257 -0.7985 0.4257
vn 0.0797 -0.8009 0.5935
vn -0.2988 -0.7963 0.5260
vn -0.5652 -0.7865 0.2490
vn -0.6179 -0.7752 -0.1317
vn -0.4366 -0.7667 -0.4706
vn -0.0907 -0.7643 -0.6384
vn 0.2878 -0.7689 -0.5709
vn 0.8204 -0.3977 -0.4108
vn 0.8979 -0.4143 0.1491
vn 0.6313 -0.4267 0.6476
vn 0.1225 -0.4302 0.8944
vn -0.4342 -0.4235 0.7951
vn -0.8261 -0.4090 0.3877
vn -0.9035 -0.3924 -0.1722
vn -0.6369 -0.3800 -0.6708
vn -0.1282 -0.3765 -0.9175
vn 0.4285 -0.3832 -0.8182
vn 0.8081 0.4520 -0.3776
vn 0.8839 0.4358 0.1699
vn 0.6232 0.4236 0.6574
vn 0.1257 0.4202 0.8987
vn -0.4187 0.4268 0.8016
vn -0.8019 0.4409 0.4032
vn -0.8776 0.4571 -0.1443
vn -0.6170 0.4693 -0.6318
vn -0.1194 0.4727 -0.8731
vn 0.4249 0.4661 -0.7760
vn 0.4619 0.8649 -0.1964
vn 0.5048 0.8557 0.1137
vn 0.3572 0.8488 0.3897
vn 0.0754 0.8469 0.5264
vn -0.2328 0.8506 0.4714
vn -0.4498 0.8586 0.2458
vn -0.4927 0.8678 -0.0642
vn -0.3451 0.8747 -0.3403
vn -0.0634 0.8767 -0.4769
vn 0.2449 0.8729 -0.4219
vn 0.0070 0.9996 0.0287
vn 0.9261 0.3343 0.1746
vn 0.8467 0.3514 -0.3996
vt 0.160131 0.046026
vt 0.162213 0.038231
vt 0.156875 0.037530
vt 0.155155 0.043972
vt 0.097638 -0.053159
vt 0.097377 -0.047764
vt 0.099600 -0.047023
vt 0.099923 -0.053683
vt -0.166151 -0.011661
vt -0.164904 -0.003690
vt -0.159738 -0.005207
vt -0.160769 -0.011795
vt -0.161203 -0.014185
vt -0.158951 -0.006437
vt -0.154021 -0.008599
vt -0.155881 -0.015003
vt -0.148290 0.011356
vt -0.144525 0.018492
vt -0.140130 0.015382
vt -0.143242 0.009484
vt -0.112387 0.066399
vt -0.106409 0.071819
vt -0.103343 0.067395
vt -0.108282 0.062915
vt -0.018521 0.118689
vt -0.010504 0.119605
vt -0.010594 0.114222
vt -0.017219 0.113465
vt 0.092543 0.087894
vt 0.099289 0.083467
vt 0.095774 0.079389
vt 0.090200 0.083047
vt 0.141584 0.030680
vt 0.145936 0.023886
vt 0.141063 0.021596
vt 0.137466 0.027211
vt 0.158606 0.001059
vt 0.161256 -0.006562
vt 0.155984 -0.007654
vt 0.153794 -0.001356
vt 0.164790 -0.000110
vt 0.166282 -0.008039
vt 0.160907 -0.008338
vt 0.159674 -0.001785
vt 0.011337 0.118471
vt 0.019043 0.117538
vt 0.019031 0.116167
vt 0.011021 0.117137
vt 0.084824 -0.014206
vt 0.081942 -0.009637
vt 0.083513 -0.007897
vt 0.087070 -0.013537
vt 0.050060 0.018548
vt 0.045267 0.021037
vt 0.045745 0.023332
vt 0.051662 0.020259
vt -0.000823 0.030514
vt -0.006204 0.030049
vt -0.007030 0.032243
vt -0.000387 0.032817
vt -0.049793 0.013212
vt -0.054115 0.009973
vt -0.055976 0.011399
vt -0.050640 0.015398
vt -0.081062 -0.021995
vt -0.083210 -0.026950
vt -0.085533 -0.026634
vt -0.082880 -0.020516
vt -0.089664 -0.062823
vt -0.089031 -0.068187
vt -0.091198 -0.069081
vt -0.091980 -0.062459
vt -0.064026 -0.107151
vt -0.060206 -0.110969
vt -0.061354 -0.113013
vt -0.066070 -0.108299
vt 0.015956 -0.129174
vt 0.021296 -0.128365
vt 0.022261 -0.130501
vt 0.015668 -0.131501
vt 0.082222 -0.095214
vt 0.085079 -0.090630
vt 0.087329 -0.091286
vt 0.083803 -0.096945
vt 0.008053 -0.065512
vt 0.002676 -0.066023
vt -0.001975 -0.063277
vt -0.004123 -0.058321
vt -0.002949 -0.053049
vt 0.001101 -0.049475
vt 0.006478 -0.048963
vt 0.011128 -0.051710
vt 0.013277 -0.056665
vt 0.012102 -0.061937
vt -0.100189 0.079790
vt -0.093803 0.084203
vt -0.092902 0.083170
vt -0.099540 0.078582
vt -0.143267 0.020878
vt -0.139141 0.027454
vt -0.137906 0.026860
vt -0.142194 0.020025
vt -0.156262 -0.004845
vt -0.153557 0.002431
vt -0.152227 0.002099
vt -0.155039 -0.005463
vt -0.159536 0.003265
vt -0.157509 0.010758
vt -0.156154 0.010550
vt -0.158260 0.002761
vt -0.116114 0.108496
vt -0.110647 0.114006
vt -0.109572 0.113155
vt -0.115255 0.107428
vt 0.157414 0.013098
vt 0.159481 0.005615
vt 0.158208 0.005105
vt 0.156060 0.012882
vt 0.153919 -0.002905
vt 0.156336 -0.010282
vt 0.155089 -0.010852
vt 0.152577 -0.003184
vt 0.141602 0.016576
vt 0.145215 0.009706
vt 0.144080 0.008936
vt 0.140325 0.016077
vt 0.106943 0.068029
vt 0.112573 0.062685
vt 0.111746 0.061591
vt 0.105894 0.067146
vt 0.002751 0.048000
vt 0.007497 0.047580
vt 0.008073 0.044041
vt 0.001563 0.044617
vt -0.057696 0.033219
vt -0.053481 0.035440
vt -0.051078 0.032779
vt -0.056860 0.029733
vt -0.097001 -0.004503
vt -0.094389 -0.000518
vt -0.090998 -0.001683
vt -0.094581 -0.007148
vt -0.112782 -0.044189
vt -0.112206 -0.039459
vt -0.108650 -0.039001
vt -0.109440 -0.045488
vt -0.102813 -0.086975
vt -0.104772 -0.082632
vt -0.101970 -0.080396
vt -0.099282 -0.086353
vt -0.023013 -0.136650
vt -0.027691 -0.135748
vt -0.027903 -0.132169
vt -0.021485 -0.133406
vt 0.085178 -0.103308
vt 0.082298 -0.107103
vt 0.078995 -0.105708
vt 0.082946 -0.100502
vt 0.106630 -0.054815
vt 0.106514 -0.059578
vt 0.103019 -0.060378
vt 0.103179 -0.053844
vt 0.094834 -0.013594
vt 0.096865 -0.017904
vt 0.094101 -0.020186
vt 0.091313 -0.014275
vt 0.060119 0.026190
vt 0.063923 0.023321
vt 0.062539 0.020014
vt 0.057320 0.023949
vt 0.025674 -0.142214
vt 0.019987 -0.143159
vt 0.020177 -0.141252
vt 0.024877 -0.140471
vt -0.076786 -0.117632
vt -0.080642 -0.113348
vt -0.078933 -0.112482
vt -0.075745 -0.116023
vt -0.107196 -0.066056
vt -0.107647 -0.060308
vt -0.105764 -0.060662
vt -0.105390 -0.065412
vt -0.098939 -0.019032
vt -0.096570 -0.013776
vt -0.095089 -0.014992
vt -0.097047 -0.019336
vt -0.064864 0.024007
vt -0.060251 0.027465
vt -0.059542 0.025685
vt -0.063354 0.022827
vt -0.007970 0.048004
vt -0.002227 0.048504
vt -0.002565 0.046618
vt -0.007311 0.046204
vt 0.053324 0.036759
vt 0.058436 0.034094
vt 0.057137 0.032685
vt 0.052912 0.034887
vt 0.096062 0.000311
vt 0.099180 -0.004538
vt 0.097353 -0.005118
vt 0.094776 -0.001110
vt 0.114436 -0.043276
vt 0.114894 -0.049023
vt 0.113010 -0.048672
vt 0.112631 -0.043922
vt 0.102794 -0.092939
vt 0.100010 -0.097987
vt 0.098632 -0.096656
vt 0.100933 -0.092484
vt 0.030227 0.158982
vt 0.035877 0.157835
vt 0.035663 0.156780
vt 0.030013 0.157926
vt -0.143580 0.082886
vt -0.139681 0.087132
vt -0.138887 0.086404
vt -0.142786 0.082157
vt -0.170275 0.022187
vt -0.167661 0.027325
vt -0.166700 0.026837
vt -0.169315 0.021699
vt -0.171006 0.017504
vt -0.168518 0.022705
vt -0.167547 0.022240
vt -0.170034 0.017040
vt -0.153840 0.062645
vt -0.150517 0.067356
vt -0.149637 0.066735
vt -0.152960 0.062024
vt -0.035877 0.157836
vt -0.030227 0.158982
vt -0.030013 0.157926
vt -0.035663 0.156780
vt 0.139681 0.087132
vt 0.143580 0.082885
vt 0.142787 0.082157
vt 0.138888 0.086403
vt 0.167661 0.027325
vt 0.170275 0.022187
vt 0.169315 0.021699
vt 0.166700 0.026837
vt 0.168518 0.022705
vt 0.171006 0.017504
vt 0.170034 0.017040
vt 0.167547 0.022240
vt 0.150517 0.067356
vt 0.153840 0.062645
vt 0.152960 0.062024
vt 0.149637 0.066735
vt 0.001425 0.033078
vt 0.006077 0.032673
vt 0.006450 0.030633
vt 0.000706 0.031132
vt -0.050851 0.020786
vt -0.046709 0.022942
vt -0.045300 0.021421
vt -0.050413 0.018759
vt -0.086207 -0.012427
vt -0.083692 -0.008493
vt -0.081711 -0.009109
vt -0.084816 -0.013966
vt -0.099739 -0.050632
vt -0.099414 -0.045973
vt -0.097380 -0.045566
vt -0.097782 -0.051317
vt -0.086105 -0.092092
vt -0.088432 -0.088043
vt -0.086970 -0.086572
vt -0.084098 -0.091570
vt -0.017558 -0.129112
vt -0.022168 -0.128368
vt -0.022390 -0.126306
vt -0.016699 -0.127224
vt 0.067777 -0.105359
vt 0.064593 -0.108775
vt 0.062756 -0.107811
vt 0.066687 -0.103594
vt 0.092250 -0.060867
vt 0.091826 -0.065518
vt 0.089784 -0.065881
vt 0.090308 -0.060140
vt 0.083015 -0.020811
vt 0.084915 -0.025077
vt 0.083311 -0.026391
vt 0.080965 -0.021125
vt 0.051498 0.014890
vt 0.055235 0.012090
vt 0.054474 0.010161
vt 0.049860 0.013618
vt -0.156204 0.071494
vt -0.157758 0.068045
vt -0.161138 0.069083
vt -0.159220 0.073340
vt 0.171290 -0.003667
vt 0.170595 0.000051
vt 0.173963 0.001131
vt 0.174820 -0.003459
vt 0.166227 -0.009068
vt 0.165140 -0.005445
vt 0.168373 -0.004012
vt 0.169715 -0.008484
vt 0.152851 0.016156
vt 0.151086 0.019501
vt 0.153983 0.021530
vt 0.156161 0.017400
vt 0.115701 0.072177
vt 0.112913 0.074733
vt 0.114957 0.077619
vt 0.118399 0.074464
vt 0.017372 0.125737
vt 0.013615 0.126172
vt 0.013578 0.129708
vt 0.018217 0.129171
vt -0.098551 0.091777
vt -0.101701 0.089683
vt -0.104012 0.092360
vt -0.100123 0.094944
vt -0.148123 0.031952
vt -0.150156 0.028762
vt -0.153353 0.030274
vt -0.150843 0.034212
vt -0.164772 0.001852
vt -0.166034 -0.001714
vt -0.169489 -0.000961
vt -0.167931 0.003441
vt -0.170451 0.002202
vt -0.171225 -0.001501
vt -0.174750 -0.001217
vt -0.173795 0.003354
vt -0.002202 0.046157
vt -0.007718 0.045668
vt -0.007148 0.049182
vt -0.003380 0.049516
vt 0.057157 0.031347
vt 0.052259 0.033929
vt 0.054644 0.036572
vt 0.057990 0.034808
vt 0.095587 -0.005871
vt 0.092550 -0.001241
vt 0.095916 -0.000082
vt 0.097991 -0.003245
vt 0.110899 -0.044674
vt 0.110222 -0.039178
vt 0.113754 -0.039628
vt 0.114216 -0.043382
vt 0.101014 -0.086222
vt 0.103278 -0.081169
vt 0.106068 -0.083380
vt 0.104521 -0.086832
vt 0.022369 -0.134675
vt 0.027805 -0.133621
vt 0.027600 -0.137176
vt 0.023887 -0.137895
vt -0.084067 -0.101526
vt -0.080731 -0.105946
vt -0.084014 -0.107324
vt -0.086292 -0.104304
vt -0.104727 -0.054204
vt -0.104601 -0.059740
vt -0.108071 -0.058941
vt -0.108157 -0.055160
vt -0.092914 -0.014031
vt -0.095278 -0.019038
vt -0.098023 -0.016772
vt -0.096408 -0.013351
vt -0.058669 0.024895
vt -0.063090 0.021561
vt -0.064467 0.024844
vt -0.061447 0.027121
vt -0.009763 0.110028
vt -0.017086 0.109191
vt -0.016969 0.116240
vt -0.011468 0.116869
vt 0.093733 0.075625
vt 0.087572 0.079670
vt 0.092174 0.085010
vt 0.096803 0.081972
vt 0.137658 0.018994
vt 0.133683 0.025201
vt 0.140063 0.028199
vt 0.143050 0.023536
vt 0.152062 -0.009380
vt 0.149641 -0.002418
vt 0.156544 -0.000988
vt 0.158363 -0.006218
vt 0.156768 -0.009440
vt 0.155403 -0.002196
vt 0.162442 -0.001803
vt 0.163467 -0.007245
vt 0.152761 0.036375
vt 0.150845 0.043492
vt 0.157833 0.044424
vt 0.159273 0.039076
vt -0.155457 -0.005470
vt -0.156599 -0.012752
vt -0.163363 -0.010763
vt -0.162505 -0.005293
vt -0.149818 -0.009440
vt -0.151875 -0.016518
vt -0.158332 -0.013686
vt -0.156786 -0.008369
vt -0.136190 0.013700
vt -0.139630 0.007181
vt -0.145385 0.011254
vt -0.142800 0.016151
vt -0.100222 0.064465
vt -0.105682 0.059514
vt -0.109699 0.065308
vt -0.105597 0.069028
vt -0.155663 -0.041971
vt -0.154034 -0.047715
vt -0.158485 -0.049705
vt -0.160496 -0.042614
vt 0.158545 -0.025895
vt 0.158156 -0.019937
vt 0.162926 -0.018924
vt 0.163405 -0.026279
vt 0.153676 -0.019276
vt 0.152165 -0.013501
vt 0.156656 -0.011602
vt 0.158522 -0.018732
vt 0.140210 0.008270
vt 0.137425 0.013551
vt 0.141366 0.016421
vt 0.144805 0.009902
vt 0.104078 0.061415
vt 0.099595 0.065357
vt 0.102255 0.069443
vt 0.107790 0.064576
vt 0.015832 0.108616
vt 0.009898 0.109268
vt 0.009729 0.114141
vt 0.017055 0.113336
vt -0.086731 0.080450
vt -0.091773 0.077254
vt -0.094948 0.080955
vt -0.088722 0.084901
vt -0.134711 0.025923
vt -0.137961 0.020915
vt -0.142390 0.022954
vt -0.138378 0.029137
vt -0.152159 -0.004897
vt -0.154022 -0.010569
vt -0.158825 -0.009729
vt -0.156525 -0.002726
vt -0.158777 -0.011986
vt -0.159519 -0.017910
vt -0.164394 -0.018004
vt -0.163478 -0.010691
vt -0.021093 -0.128279
vt -0.016312 -0.129007
vt -0.016056 -0.131094
vt -0.021958 -0.130195
vt 0.060646 -0.110533
vt 0.064056 -0.107104
vt 0.065892 -0.108130
vt 0.061681 -0.112363
vt 0.089165 -0.067705
vt 0.089721 -0.062902
vt 0.091798 -0.062571
vt 0.091110 -0.068502
vt 0.083132 -0.026615
vt 0.081205 -0.022180
vt 0.082836 -0.020853
vt 0.085215 -0.026329
vt 0.053926 0.010195
vt 0.050056 0.013095
vt 0.050817 0.015055
vt 0.055594 0.011475
vt 0.005931 0.030155
vt 0.001113 0.030572
vt 0.000722 0.032638
vt 0.006670 0.032123
vt -0.045548 0.020962
vt -0.049840 0.018732
vt -0.051276 0.020268
vt -0.045978 0.023020
vt -0.082111 -0.009824
vt -0.084693 -0.013913
vt -0.086708 -0.013311
vt -0.083520 -0.008263
vt -0.097431 -0.047877
vt -0.097673 -0.052706
vt -0.099724 -0.053171
vt -0.099424 -0.047209
vt -0.085111 -0.090575
vt -0.082565 -0.094687
vt -0.083987 -0.096235
vt -0.087131 -0.091159
vt -0.011314 -0.061472
vt -0.012366 -0.056752
vt -0.010443 -0.052315
vt -0.006279 -0.049856
vt -0.001465 -0.050314
vt 0.002161 -0.053514
vt 0.003213 -0.058234
vt 0.001289 -0.062671
vt -0.002875 -0.065130
vt -0.007689 -0.064672
vt -0.159816 -0.003050
vt -0.161168 -0.002366
vt -0.158891 0.003760
vt -0.157420 0.003393
vt -0.146382 0.023357
vt -0.147567 0.024301
vt -0.144094 0.029837
vt -0.142729 0.029180
vt -0.102072 0.083297
vt -0.102789 0.084632
vt -0.097413 0.088348
vt -0.096418 0.087205
vt 0.012253 0.122345
vt 0.012602 0.123820
vt 0.019090 0.123034
vt 0.019077 0.121519
vt 0.109989 0.070592
vt 0.111148 0.071568
vt 0.115888 0.067069
vt 0.114974 0.065860
vt 0.145310 0.018024
vt 0.146722 0.018575
vt 0.149764 0.012791
vt 0.148510 0.011940
vt 0.157817 -0.002096
vt 0.159301 -0.001787
vt 0.161336 -0.007998
vt 0.159958 -0.008628
vt 0.161345 0.013723
vt 0.162842 0.013961
vt 0.164582 0.007661
vt 0.163176 0.007097
vt -0.118610 0.111599
vt -0.119559 0.112779
vt -0.114956 0.117419
vt -0.113768 0.116478
vt -0.163239 0.004726
vt -0.164648 0.005283
vt -0.162942 0.011592
vt -0.161444 0.011362
vt -0.143266 0.020878
vt -0.146382 0.023357
vt -0.142729 0.029180
vt -0.139141 0.027454
vt -0.100188 0.079790
vt -0.102072 0.083297
vt -0.096417 0.087205
vt -0.093803 0.084203
vt 0.011337 0.118471
vt 0.012253 0.122346
vt 0.019077 0.121519
vt 0.019043 0.117538
vt 0.106943 0.068029
vt 0.109989 0.070592
vt 0.114974 0.065860
vt 0.112573 0.062685
vt 0.141602 0.016576
vt 0.145310 0.018024
vt 0.148510 0.011940
vt 0.145215 0.009706
vt 0.153919 -0.002906
vt 0.157817 -0.002096
vt 0.159958 -0.008628
vt 0.156336 -0.010282
vt 0.157414 0.013097
vt 0.161345 0.013722
vt 0.163176 0.007097
vt 0.159481 0.005615
vt -0.116115 0.108496
vt -0.118611 0.111598
vt -0.113769 0.116477
vt -0.110647 0.114006
vt -0.156262 -0.004845
vt -0.159816 -0.003050
vt -0.157420 0.003393
vt -0.153557 0.002431
vt -0.159536 0.003265
vt -0.163239 0.004726
vt -0.161444 0.011362
vt -0.157509 0.010758
s 0
usemtl mat24
f 470/1716/280 469/1717/280 468/1718/280 467/1719/280
f 474/1720/281 473/1721/281 472/1722/281 471/1723/281
f 469/1724/282 476/1725/282 475/1726/282 468/1727/282
f 476/1728/283 478/1729/283 477/1730/283 475/1731/283
f 478/1732/284 480/1733/284 479/1734/284 477/1735/284
f 480/1736/285 482/1737/285 481/1738/285 479/1739/285
f 482/1740/286 484/1741/286 483/1742/286 481/1743/286
f 484/1744/287 486/1745/287 485/1746/287 483/1747/287
f 486/1748/288 487/1749/288 472/1750/288 485/1751/288
f 487/1752/289 488/1753/289 471/1754/289 472/1755/289
f 488/1756/290 470/1757/290 467/1758/290 471/1759/290
f 490/1760/291 489/1761/291 469/1762/291 470/1763/291
f 473/1764/292 491/1765/292 485/1766/292 472/1767/292
f 491/1768/293 492/1769/293 483/1770/293 485/1771/293
f 492/1772/294 493/1773/294 481/1774/294 483/1775/294
f 493/1776/295 494/1777/295 479/1778/295 481/1779/295
f 494/1780/296 495/1781/296 477/1782/296 479/1783/296
f 495/1784/297 496/1785/297 475/1786/297 477/1787/297
f 496/1788/298 497/1789/298 468/1790/298 475/1791/298
f 497/1792/299 498/1793/299 467/1794/299 468/1795/299
f 498/1796/300 474/1797/300 471/1798/300 467/1799/300
f 498/1800/301 497/1801/301 496/1802/301 495/1803/301 494/1804/301 493/1805/301 492/1806/301 491/1807/301 473/1808/301 474/1809/301
f 489/1810/302 499/1811/302 476/1812/302 469/1813/302
f 499/1814/303 500/1815/303 478/1816/303 476/1817/303
f 500/1818/304 501/1819/304 480/1820/304 478/1821/304
f 501/1822/305 502/1823/305 482/1824/305 480/1825/305
f 502/1826/306 503/1827/306 484/1828/306 482/1829/306
f 503/1830/307 504/1831/307 486/1832/307 484/1833/307
f 504/1834/308 505/1835/308 487/1836/308 486/1837/308
f 505/1838/309 506/1839/309 488/1840/309 487/1841/309
f 506/1842/310 490/1843/310 470/1844/310 488/1845/310
f 510/1846/311 509/1847/311 508/1848/311 507/1849/311
f 509/1850/312 512/1851/312 511/1852/312 508/1853/312
f 512/1854/313 514/1855/313 513/1856/313 511/1857/313
f 514/1858/314 516/1859/314 515/1860/314 513/1861/314
f 516/1862/315 518/1863/315 517/1864/315 515/1865/315
f 518/1866/316 520/1867/316 519/1868/316 517/1869/316
f 520/1870/317 522/1871/317 521/1872/317 519/1873/317
f 522/1874/318 524/1875/318 523/1876/318 521/1877/318
f 524/1878/319 526/1879/319 525/1880/319 523/1881/319
f 526/1882/320 510/1883/320 507/1884/320 525/1885/320
f 528/1886/321 527/1887/321 509/1888/321 510/1889/321
f 527/1890/322 529/1891/322 512/1892/322 509/1893/322
f 529/1894/323 530/1895/323 514/1896/323 512/1897/323
f 530/1898/324 531/1899/324 516/1900/324 514/1901/324
f 531/1902/325 532/1903/325 518/1904/325 516/1905/325
f 532/1906/326 533/1907/326 520/1908/326 518/1909/326
f 533/1910/327 534/1911/327 522/1912/327 520/1913/327
f 534/1914/328 535/1915/328 524/1916/328 522/1917/328
f 535/1918/329 536/1919/329 526/1920/329 524/1921/329
f 536/1922/330 528/1923/330 510/1924/330 526/1925/330
f 538/1926/331 537/1927/331 527/1928/331 528/1929/331
f 537/1930/332 539/1931/332 529/1932/332 527/1933/332
f 539/1934/333 540/1935/333 530/1936/333 529/1937/333
f 540/1938/334 541/1939/334 531/1940/334 530/1941/334
f 541/1942/335 542/1943/335 532/1944/335 531/1945/335
f 542/1946/336 543/1947/336 533/1948/336 532/1949/336
f 543/1950/337 544/1951/337 534/1952/337 533/1953/337
f 544/1954/338 545/1955/338 535/1956/338 534/1957/338
f 545/1958/339 546/1959/339 536/1960/339 535/1961/339
f 546/1962/340 538/1963/340 528/1964/340 536/1965/340
f 548/1966/341 547/1967/341 537/1968/341 538/1969/341
f 547/1970/342 549/1971/342 539/1972/342 537/1973/342
f 549/1974/343 550/1975/343 540/1976/343 539/1977/343
f 550/1978/344 551/1979/344 541/1980/344 540/1981/344
f 551/1982/345 552/1983/345 542/1984/345 541/1985/345
f 552/1986/346 553/1987/346 543/1988/346 542/1989/346
f 553/1990/347 554/1991/347 544/1992/347 543/1993/347
f 554/1994/348 555/1995/348 545/1996/348 544/1997/348
f 555/1998/349 556/1999/349 546/2000/349 545/2001/349
f 556/2002/350 548/2003/350 538/2004/350 546/2005/350
f 558/2006/351 557/2007/351 547/2008/351 548/2009/351
f 557/2010/352 559/2011/352 549/2012/352 547/2013/352
f 559/2014/353 560/2015/353 550/2016/353 549/2017/353
f 560/2018/354 561/2019/354 551/2020/354 550/2021/354
f 561/2022/355 562/2023/355 552/2024/355 551/2025/355
f 562/2026/356 563/2027/356 553/2028/356 552/2029/356
f 563/2030/357 564/2031/357 554/2032/357 553/2033/357
f 564/2034/358 565/2035/358 555/2036/358 554/2037/358
f 565/2038/359 566/2039/359 556/2040/359 555/2041/359
f 566/2042/360 558/2043/360 548/2044/360 556/2045/360
f 568/2046/361 567/2047/361 557/2048/361 558/2049/361
f 567/2050/362 569/2051/362 559/2052/362 557/2053/362
f 569/2054/363 570/2055/363 560/2056/363 559/2057/363
f 570/2058/364 571/2059/364 561/2060/364 560/2061/364
f 571/2062/365 572/2063/365 562/2064/365 561/2065/365
f 572/2066/366 573/2067/366 563/2068/366 562/2069/366
f 573/2070/367 574/2071/367 564/2072/367 563/2073/367
f 574/2074/368 575/2075/368 565/2076/368 564/2077/368
f 575/2078/369 576/2079/369 566/2080/369 565/2081/369
f 576/2082/370 568/2083/370 558/2084/370 566/2085/370
f 578/2086/371 577/2087/371 567/2088/371 568/2089/371
f 577/2090/372 579/2091/372 569/2092/372 567/2093/372
f 579/2094/373 580/2095/373 570/2096/373 569/2097/373
f 580/2098/374 581/2099/374 571/2100/374 570/2101/374
f 581/2102/375 582/2103/375 572/2104/375 571/2105/375
f 582/2106/376 583/2107/376 573/2108/376 572/2109/376
f 583/2110/377 584/2111/377 574/2112/377 573/2113/377
f 584/2114/378 585/2115/378 575/2116/378 574/2117/378
f 585/2118/379 586/2119/379 576/2120/379 575/2121/379
f 586/2122/380 578/2123/380 568/2124/380 576/2125/380
f 588/2126/381 587/2127/381 577/2128/381 578/2129/381
f 587/2130/382 589/2131/382 579/2132/382 577/2133/382
f 589/2134/383 590/2135/383 580/2136/383 579/2137/383
f 590/2138/384 591/2139/384 581/2140/384 580/2141/384
f 591/2142/385 592/2143/385 582/2144/385 581/2145/385
f 592/2146/386 593/2147/386 583/2148/386 582/2149/386
f 593/2150/387 594/2151/387 584/2152/387 583/2153/387
f 594/2154/388 595/2155/388 585/2156/388 584/2157/388
f 595/2158/389 596/2159/389 586/2160/389 585/2161/389
f 596/2162/390 588/2163/390 578/2164/390 586/2165/390
f 598/2166/391 597/2167/391 587/2168/391 588/2169/391
f 597/2170/392 599/2171/392 589/2172/392 587/2173/392
f 599/2174/393 600/2175/393 590/2176/393 589/2177/393
f 600/2178/394 601/2179/394 591/2180/394 590/2181/394
f 601/2182/395 602/2183/395 592/2184/395 591/2185/395
f 602/2186/396 603/2187/396 593/2188/396 592/2189/396
f 603/2190/397 604/2191/397 594/2192/397 593/2193/397
f 604/2194/398 605/2195/398 595/2196/398 594/2197/398
f 605/2198/399 606/2199/399 596/2200/399 595/2201/399
f 606/2202/400 598/2203/400 588/2204/400 596/2205/400
f 606/2206/401 605/2207/401 604/2208/401 603/2209/401 602/2210/401 601/2211/401 600/2212/401 599/2213/401 597/2214/401 598/2215/401
f 608/2216/304 513/2217/304 515/2218/304 607/2219/304
f 609/2220/303 511/2221/303 513/2222/303 608/2223/303
f 610/2224/302 508/2225/302 511/2226/302 609/2227/302
f 611/2228/291 507/2229/291 508/2230/291 610/2231/291
f 612/2232/310 525/2233/310 507/2234/310 611/2235/310
f 613/2236/309 523/2237/309 525/2238/309 612/2239/309
f 614/2240/308 521/2241/308 523/2242/308 613/2243/308
f 615/2244/402 519/2245/402 521/2246/402 614/2247/402
f 616/2248/306 517/2249/306 519/2250/306 615/2251/306
f 607/2252/305 515/2253/305 517/2254/305 616/2255/305
f 499/2256/303 609/2257/303 608/2258/303 500/2259/303
f 489/2260/302 610/2261/302 609/2262/302 499/2263/302
f 490/2264/291 611/2265/291 610/2266/291 489/2267/291
f 506/2268/310 612/2269/310 611/2270/310 490/2271/310
f 505/2272/309 613/2273/309 612/2274/309 506/2275/309
f 504/2276/308 614/2277/308 613/2278/308 505/2279/308
f 503/2280/307 615/2281/307 614/2282/307 504/2283/307
f 502/2284/403 616/2285/403 615/2286/403 503/2287/403
usemtl mat13
f 500/2288/304 608/2289/304 607/2290/304 501/2291/304
f 501/2292/305 607/2293/305 616/2294/305 502/2295/305
